Program,xPONENT,,LX100/LX200,,,,,,,,,,,,,,,,,,,,,,,,,,,,,,,,,,,,,,,,,,,,,,,,,,,,,,,,,,,,,,,,,
Build,3.1.971.0,,,,,,,,,,,,,,,,,,,,,,,,,,,,,,,,,,,,,,,,,,,,,,,,,,,,,,,,,,,,,,,,,,,
Date,7/24/15,11:50 AM,,,,,,,,,,,,,,,,,,,,,,,,,,,,,,,,,,,,,,,,,,,,,,,,,,,,,,,,,,,,,,,,,,
,,,,,,,,,,,,,,,,,,,,,,,,,,,,,,,,,,,,,,,,,,,,,,,,,,,,,,,,,,,,,,,,,,,,
SN,LX10014268401,,,,,,,,,,,,,,,,,,,,,,,,,,,,,,,,,,,,,,,,,,,,,,,,,,,,,,,,,,,,,,,,,,,
Batch,Plate3,,,,,,,,,,,,,,,,,,,,,,,,,,,,,,,,,,,,,,,,,,,,,,,,,,,,,,,,,,,,,,,,,,,
Version,1,,,,,,,,,,,,,,,,,,,,,,,,,,,,,,,,,,,,,,,,,,,,,,,,,,,,,,,,,,,,,,,,,,,
Operator,,,,,,,,,,,,,,,,,,,,,,,,,,,,,,,,,,,,,,,,,,,,,,,,,,,,,,,,,,,,,,,,,,,,
ComputerName,XPONENT31-PC,,,,,,,,,,,,,,,,,,,,,,,,,,,,,,,,,,,,,,,,,,,,,,,,,,,,,,,,,,,,,,,,,,,
Country Code,409,,,,,,,,,,,,,,,,,,,,,,,,,,,,,,,,,,,,,,,,,,,,,,,,,,,,,,,,,,,,,,,,,,,
ProtocolName,Milk,,,,,,,,,,,,,,,,,,,,,,,,,,,,,,,,,,,,,,,,,,,,,,,,,,,,,,,,,,,,,,,,,,,
ProtocolVersion,4,,,,,,,,,,,,,,,,,,,,,,,,,,,,,,,,,,,,,,,,,,,,,,,,,,,,,,,,,,,,,,,,,,,
ProtocolDescription,,,,,,,,,,,,,,,,,,,,,,,,,,,,,,,,,,,,,,,,,,,,,,,,,,,,,,,,,,,,,,,,,,,,
ProtocolDevelopingCompany,Luminex,,,,,,,,,,,,,,,,,,,,,,,,,,,,,,,,,,,,,,,,,,,,,,,,,,,,,,,,,,,,,,,,,,,
SampleVolume,90 uL,,,,,,,,,,,,,,,,,,,,,,,,,,,,,,,,,,,,,,,,,,,,,,,,,,,,,,,,,,,,,,,,,,,
DDGate,8000 to 13500,,,,,,,,,,,,,,,,,,,,,,,,,,,,,,,,,,,,,,,,,,,,,,,,,,,,,,,,,,,,,,,,,,,
SampleTimeout,120 sec,,,,,,,,,,,,,,,,,,,,,,,,,,,,,,,,,,,,,,,,,,,,,,,,,,,,,,,,,,,,,,,,,,,
BatchStartTime,7/24/15 11:54,,,,,,,,,,,,,,,,,,,,,,,,,,,,,,,,,,,,,,,,,,,,,,,,,,,,,,,,,,,,,,,,,,,
BatchStopTime,7/24/15 13:55,,,,,,,,,,,,,,,,,,,,,,,,,,,,,,,,,,,,,,,,,,,,,,,,,,,,,,,,,,,,,,,,,,,
BatchDescription,<None>,,,,,,,,,,,,,,,,,,,,,,,,,,,,,,,,,,,,,,,,,,,,,,,,,,,,,,,,,,,,,,,,,,,
ProtocolPlate,Name,Current 96-well plate,Type,96,Plates,1,,,,,,,,,,,,,,,,,,,,,,,,,,,,,,,,,,,,,,,,,,,,,,,,,,,,,,,,,,,,,,
ProtocolMicrosphere,Map,100 regions,Type,MicroPlex,Count,66,,,,,,,,,,,,,,,,,,,,,,,,,,,,,,,,,,,,,,,,,,,,,,,,,,,,,,,,,,,,,,
ProtocolAnalysis,Off,,,,,,,,,,,,,,,,,,,,,,,,,,,,,,,,,,,,,,,,,,,,,,,,,,,,,,,,,,,,,,,,,,,
NormBead,None,,,,,,,,,,,,,,,,,,,,,,,,,,,,,,,,,,,,,,,,,,,,,,,,,,,,,,,,,,,,,,,,,,,
ProtocolHeater,Off,,,,,,,,,,,,,,,,,,,,,,,,,,,,,,,,,,,,,,,,,,,,,,,,,,,,,,,,,,,,,,,,,,,
,,,,,,,,,,,,,,,,,,,,,,,,,,,,,,,,,,,,,,,,,,,,,,,,,,,,,,,,,,,,,,,,,,,,
Most Recent Calibration and Control Results:,,,,,,,,,,,,,,,,,,,,,,,,,,,,,,,,,,,,,,,,,,,,,,,,,,,,,,,,,,,,,,,,,,,,
Last CAL1 Calibration,Passed 7/24/2015 10:31:55 AM,,,,,,,,,,,,,,,,,,,,,,,,,,,,,,,,,,,,,,,,,,,,,,,,,,,,,,,,,,,,,,,,,,,
Last CAL2 Calibration,Passed 7/24/2015 10:33:56 AM,,,,,,,,,,,,,,,,,,,,,,,,,,,,,,,,,,,,,,,,,,,,,,,,,,,,,,,,,,,,,,,,,,,
Last CON1 Verification,Passed 7/24/2015 10:34:45 AM,,,,,,,,,,,,,,,,,,,,,,,,,,,,,,,,,,,,,,,,,,,,,,,,,,,,,,,,,,,,,,,,,,,
Last CON2 Verification,Passed 7/24/2015 10:36:27 AM,,,,,,,,,,,,,,,,,,,,,,,,,,,,,,,,,,,,,,,,,,,,,,,,,,,,,,,,,,,,,,,,,,,
,,,,,,,,,,,,,,,,,,,,,,,,,,,,,,,,,,,,,,,,,,,,,,,,,,,,,,,,,,,,,,,,,,,,
CALInfo:,,,,,,,,,,,,,,,,,,,,,,,,,,,,,,,,,,,,,,,,,,,,,,,,,,,,,,,,,,,,,,,,,,,,
Classification Calibrator,,,,,,,,,,,,,,,,,,,,,,,,,,,,,,,,,,,,,,,,,,,,,,,,,,,,,,,,,,,,,,,,,,,,
Lot,ExpirationDate,CalibrationTime,DDTemp,CL1Temp,CL2Temp,DDVolts,CL1Volts,CL2Volts,DDRVal,CL1RVal,CL2RVal,Result,MachineSerialNo,,,,,,,,,,,,,,,,,,,,,,,,,,,,,,,,,,,,,,,,,,,,,,,,,,,,,,,
B45160,12/8/16,7/24/15 10:32,23.31,22.66,22.44,87.43,108.04,114.58,577,855,1142,Pass,LX10014268401,,,,,,,,,,,,,,,,,,,,,,,,,,,,,,,,,,,,,,,,,,,,,,,,,,,,,,,
Reporter Calibrator,,,,,,,,,,,,,,,,,,,,,,,,,,,,,,,,,,,,,,,,,,,,,,,,,,,,,,,,,,,,,,,,,,,,
Lot,ExpirationDate,CalibrationTime,RP1(1)Volts,RP1(1)Val,RP1(2)Volts,RP1(2)Val,Result,MachineSerialNo,,,,,,,,,,,,,,,,,,,,,,,,,,,,,,,,,,,,,,,,,,,,,,,,,,,,,,,,,,,,
B45108,12/8/16,7/24/15 10:34,505.74,3611.48,625.4,16425.68,Pass,LX10014268401,,,,,,,,,,,,,,,,,,,,,,,,,,,,,,,,,,,,,,,,,,,,,,,,,,,,,,,,,,,,
,,,,,,,,,,,,,,,,,,,,,,,,,,,,,,,,,,,,,,,,,,,,,,,,,,,,,,,,,,,,,,,,,,,,
,,,,,,,,,,,,,,,,,,,,,,,,,,,,,,,,,,,,,,,,,,,,,,,,,,,,,,,,,,,,,,,,,,,,
Samples,32,Min Events,100,Per Bead,,,,,,,,,,,,,,,,,,,,,,,,,,,,,,,,,,,,,,,,,,,,,,,,,,,,,,,,,,,,,,,,
,,,,,,,,,,,,,,,,,,,,,,,,,,,,,,,,,,,,,,,,,,,,,,,,,,,,,,,,,,,,,,,,,,,,
Results,,,,,,,,,,,,,,,,,,,,,,,,,,,,,,,,,,,,,,,,,,,,,,,,,,,,,,,,,,,,,,,,,,,,
,,,,,,,,,,,,,,,,,,,,,,,,,,,,,,,,,,,,,,,,,,,,,,,,,,,,,,,,,,,,,,,,,,,,
DataType:,Median,,,,,,,,,,,,,,,,,,,,,,,,,,,,,,,,,,,,,,,,,,,,,,,,,,,,,,,,,,,,,,,,,,,
Location,Sample,Analyte 5,Analyte 7,Analyte 8,Analyte 10,Analyte 12,Analyte 14,Analyte 15,Analyte 16,Analyte 18,Analyte 19,Analyte 21,Analyte 22,Analyte 23,Analyte 25,Analyte 27,Analyte 28,Analyte 29,Analyte 32,Analyte 33,Analyte 34,Analyte 36,Analyte 37,Analyte 38,Analyte 40,Analyte 41,Analyte 42,Analyte 44,Analyte 45,Analyte 46,Analyte 48,Analyte 49,Analyte 50,Analyte 52,Analyte 53,Analyte 54,Analyte 56,Analyte 58,Analyte 60,Analyte 61,Analyte 62,Analyte 64,Analyte 65,Analyte 66,Analyte 68,Analyte 69,Analyte 70,Analyte 72,Analyte 73,Analyte 74,Analyte 75,Analyte 76,Analyte 78,Analyte 79,Analyte 80,Analyte 81,Analyte 83,Analyte 84,Analyte 85,Analyte 86,Analyte 88,Analyte 89,Analyte 90,Analyte 92,Analyte 93,Analyte 94,Analyte 95,Total Events
"1(1,A1)",Unknown1,28,182.5,300,57,31,349,215,185,101,97,4,91,213,2,4,32,83,5,5,57,69,4,55.5,8.5,39,8,1,2,57.5,27,20,28,11,7,8,3,79,60,98.5,423,138.5,24,192,26,37,40,90,43,3,64,14,3,131,176,77,14,9,66,13.5,13,24,26,5,6,5,37,10520
"2(1,A2)",Unknown1,32,179,314,57,31,353,223.5,182.5,102,100,4,92,209,2,5,31,79,6,6,60,68,4,53,8,36,8,1.5,2,55,26,20,27.5,11,7,8,3.5,76,59,99,451,139,22,195,28,37,41,92.5,42,3,67,14,3,136,180,78,14,8,65,13,14,24,27,5,6,5,37,12373
"3(1,A3)",Unknown1,30,183,326.5,57,32,361,224,186,104,99,4,92,211,2,5,32,80,6,5,62,68,4,56,8,37,8,1,2,56,26,20,30,11,7,8,4,77,62,104,435,139.5,21,202,28,39,43,93,43,3,67,15,3,138,180.5,82,14,8,64,14,14,24,28,5,6,5,37,12356
"4(1,A4)",Unknown9,5,19,74,46,3,20,80.5,39,1,57,12,10,17,2,3,3,13,2,38,26,21,3,15,3,13,18,13,1,19,16,73,24,22,185,134,66,4,4,15,6,6.5,2,36,3,3,7,76,59,3,27,3,7,24,33,12,11,22,69,5,21,34,68,3,91,72,3,10448
"5(1,A5)",Unknown9,6,18,76,44,3,18.5,78.5,39,1,57,12,10,16,2,3,4,13,2,35,25,22,3,13,3,13,18.5,13.5,1,20,17.5,80,23,22,188.5,134,64,3,4,16,6,7,2,37,3,3,8,75,60,3,25,3,6,24,31,13,10,21,65,5,22,34.5,70,4,87.5,68,2,11071
"6(1,A6)",Unknown9,5,18,70,41,3,20,74,39,1,58,12,9,17,2,3,3,12,2,34,25.5,20,3,14,3,13,17,13,1,19,17,77,23,20,178.5,133,68,4,4,15,7,7,2,33,3,3,8,71,57,3,24,3,7,22,30,13,10,21,65,5,18,33.5,63,4,87,70,3,13631
"7(1,A7)",Unknown17,62,616,134,142,68,135.5,86,64,8,469,2,68,55,3,33,88,52,26,9,11,33,32.5,23,31,18,173,120,11,228,274,101.5,115,9,4,4,6,244.5,149,173,262.5,8,43,314,97,50,176,464,13.5,11,388,62,4,39,53,11,57,10,75.5,10,28,9,12,6,9,9,3,11190
"8(1,A8)",Unknown17,59,617,144,143,70,145,84,63,7,471,2,68,53.5,3,31,88,49,25,10,9,34,30.5,23,31,19,172,119,10,220.5,263,101,115,8.5,4,4,7,264,152.5,173,257,9,42,319.5,91.5,49,182,470,14,10,361,64.5,4,40,49,10,58,11,80,10.5,27,8.5,12,6,9,9,3,10573
"9(1,A9)",Unknown17,61,586,125,127,69,135.5,78,58.5,6,441,2,61,53,3,31,88,48,24,9,9,32.5,32.5,19,33,17,168,115,10,198,248,97,107,8,4,4,6,237,128,155.5,260,9,38,300,96,48,178.5,428,12.5,10,333,59,4,38,49,10,58,12,72,10,26,8,11,6,8.5,9,3,11022
"10(1,A10)",Unknown25,0.5,1,1,0,1,1,1,0,0,1,1,1,1,1,1,1,1,1,1,1,1,1,1,1,1,1,1,1,1,1,2,1,1,1,1,1,1,1,1,2,1,1,3,1,1,2,1,1,1,1,1,1,2,4,2,2,2,2,2,5,2,2,4,3,3,3,11971
"11(1,A11)",Unknown25,1,1,3,1,2,2,2.5,3,2,3,2,2,2,2,2,3,3,1,2,3,2,3,3,2,3,2,2,4,3,3,2.5,2,4,2,1,2,3,2,3,2,2.5,3,4,3,2,3,3,3,3,2.5,2,4,2,4,3,4,4,4,4,4,4,4,4,3,3,4,10994
"12(1,A12)",Unknown25,1,1,0,1,1,1,1,1,1,0,1,1,0,1,1,1,1,1,1,1,1,1,1,1,1,2,1,1,1,1,2,2,1,1,1,1,1,2,1,2,1,1,3,2,1,2,1,1,2,2,1,2,2,4,2,2,2,2,3,5,3,2,3,3,3,3,10118
"13(1,B1)",Unknown2,8,30,2,5,5,32.5,15,14,8,11,1,15,21,1,4,17,10,1,1,2,4,2,13,2,3,2,1,1,8.5,4,3,5,9,1,2,1,12,6,15,29,15,2,15,4,5,9,12,9,1,6,5,1,14,25,6,4,3,7,3,9,4,6,3,3,2,6,10911
"14(1,B2)",Unknown2,8,30,3,5,5,34,15,14,8,11,1,16,20,1,3,17,8,1,1,3,4,2,12,3,4,2,1,1,8,4,3,4,9,1,2,2,13.5,6,14,29,17,3,15.5,4,5,8,11,10,2,8,5,2,15,24,6,4,3,8,4,8,4,5,4,4,3,6,10714
"15(1,B3)",Unknown2,8,30,3,5,5,33,14,14,7,11,2,15,21,1,4,16,8,2,2,3,4,2,12,3.5,4,1,1,1,7,4,4,6,9,1,2,1,12,6,13,30,16,3,14,4,5,9,11,8,2,7,5,2,13,24,6,4,3,7,4,8,5,5,4,3,3,6,10876
"16(1,B4)",Unknown10,3,31,24,37,7,10.5,29,25,1,25,7,10,9,1,1,3,10,2,36,22,28.5,7,17,4,17,9,4,1,15,12,57,38,31,54,52,53,5,4,27.5,6,13,2,23,3,2,6,34,40.5,3,36,3,7,30,25,8,13,13,32,4.5,21,48,73,4,49,38,3,11146
"17(1,B5)",Unknown10,4,30,26,35,4,11,29,24,1,24,7,9,10,1,2,2,10,2,34,24,27,6,18,4,15,8,5,1,14,12,56,35,30,54,49,51,5,3,25,6,13,2,22,3,2,6,33,42.5,2,33,2,7,28,24,9,13,13,29,4,22,47,75,4,48,40,2.5,10694
"18(1,B6)",Unknown10,4,30.5,25,34,6,10,29,25,1,22,7,9,9,1,1,2,10,2,33,22,27,6,18,4,14.5,8,5,1,14,12,51,37,31,51,53,52,5,3,27,7,12,2,22,3,2,6,33,42,2,32,2,6,29,24,8,13,12,29,5,20,47,71,4,49,40,3,11496
"19(1,B7)",Unknown18,74.5,581.5,92,93,126,155,95,43,5,319,3,136,42,2,38,84,36,23,7,6,16,29,100,64,34,105,60,6,82,120,154,81,64,29,3,64,271,100,211,198,7,41,569,119,39,266,322,28,21.5,666,61,4,18,255.5,15,69.5,6,22,17,137.5,85,118,5,148,147,3,11333
"20(1,B8)",Unknown18,79.5,620,91,90,127,162.5,92,43,6,312.5,4,125,41,5,38,88,39,23,8,8,17,26,108,62,35,110,60,8,81,119,157,83,65,29,4,69,274,103,208,200,8,41,559.5,123,37,281.5,337,28,23,683,60,5,17,256.5,14,68,7,21.5,16,131,81,121,5,148,153,5,10638
"21(1,B9)",Unknown18,72,575,84,91,116,146.5,94,39,5,312.5,2,128,41,2,35,82.5,35,23,7,6,17,27,99,68,32,99,56,6,78,117,142.5,74,58,29,3,64,246,101,205.5,191,7,40,555,115,37,259,330.5,27,20,656,55,4,16,242,14,68,6,21,15,126,77,120,6,134,149,3,10676
"22(1,B10)",Unknown26,0,0,0.5,0,1,1,1,1,1,0,1,1,0,0,0,1,1,0,1,1,1,2,0,1,1,1,1,1,1,1,2,1,2,1,1,1,1,1,1,2,1,1,1,1,1,2,2,2,1,2,1,2,1,2,2,2,2,2,3,4,2,2,3,3,2,3,10173
"23(1,B11)",Unknown26,0,1,1,0,0,0,1,1,1,1,1,1,0,0,1,1,1,0,1,1,0,1,1,0,1,1,1,1,1,1,1,1,1,1,1,1,1,1,1,2,1,1,2,1,1,2,2,2,1,2,2,2,1,2,2,2,2,2,3,5,2,2,3,2,2,3,10528
"24(1,B12)",Unknown26,1,0,1,0,0,1,0,1,0,1,1,1,0,1,1,1,1,1,1,1,0,1,1,1,1,0,1,1,1,1,1,1,1,0,1,1,1,1,1,1,1,1,1,1,1,1,1,1.5,1,1,1,1,1,2,2,2,2,2,3,5,2,2,4,3,2,2,10998
"25(1,C1)",Unknown3,5,5,18,5,11,29.5,4,3,1.5,4,8,21,6,2,3,3,4,3,2,3,9,3,3,10,3,5,2,3,2,3,2,2,4,2.5,3,3,16,4,14,26.5,3,2.5,9,4,3,2,4,29,3,3,4,2,11,7,4,5,3,3,3,9,4,3,5,5,5.5,5,11107
"26(1,C2)",Unknown3,5,3,16,3,9,28,1,2,0,1,5,19,3,1,1,2,3,1,1,1,9,1,2,8,2,2,0,1,0,1,2,2,1,1,1,3,13,2,13,25,1,1,8,5,1.5,2,4,31,4,2,3,2,10,6,2,4,2,2,3,6,3,2,3,5,4,3,11332
"27(1,C3)",Unknown3,4,3,16,2,10,28,1,2,1,2,5,19,3,1,1,2,3,1,1,0,9,2,2,8,1,2,1,1,1,1,2,2,1.5,1,1,3,12,1,13,24,1,1,7.5,4,1,2,3,30,3,2,2,2,10,6,2,4,1,2,3,7,2,3,3,5,3.5,3,13060
"28(1,C4)",Unknown11,1,1.5,1,1,1,1,16,1,1,1,1,1,0,1,1,1,2,1,1,1,1,1,1,1,1,1,1,1,0,1,2,1,1,1,1,4,1,1,2,2,8,2,13,2,1,2,2,2,1,1,1,1.5,1,2,2,2,3,2,3,5,2,2,4,4,2.5,3,11220
"29(1,C5)",Unknown11,1,1,1,1,0,1,19,0,1,1,1,1,1,1,0,1,1,1,1,0.5,1,1,1,1,1,1,1,1,1,1,1,1,1,1.5,1,3,1,1,3,1,8,2,14,1,1.5,2,2,2,1,1,2,1,1,2,2,2,2,2,3,5,2,2,3,4,3,3,13281
"30(1,C6)",Unknown11,1,1,1,0,1,1,18,1,1,1,1,1,1,1,1,1,2,1,1,1,1,1,1,1,1,1,1,1,1,1,2,1,1,1,1,4,1,1,2,2,9,1,16,1,2,2,1,1,2,1,2,1,2,2,2,2,2,2,3,6,2,2,3,4,3,3,10849
"31(1,C7)",Unknown19,119,115,184,147,51,63,322,80,5,203,274,244,287.5,7,25,13,242.5,26.5,180,207,181,69,127,197,19,706.5,3,4,255,246,21,46,110.5,392.5,17,463.5,46,12.5,159,129,24,9,324,90,84,68,209.5,46,16,63,9,50,244,227,437,82,4,262,7,8,13,88,9,547,402,3,10833
"32(1,C8)",Unknown19,117,128,189,154.5,49,68.5,325,80,5,193,249.5,261,291,5,25,13,263,28,183.5,207,177.5,66.5,124,200,19,680,2,4,263,243.5,21,44,104,430,17,487.5,46,12,152,134,24,10,319,96,81,71,201,48,16,60,10,51.5,235.5,221.5,425,83.5,3,267.5,5,6.5,13,88,10,574,431,3,10986
"33(1,C9)",Unknown19,116,114,174,146,48,64,297.5,80.5,5,187.5,246,243,279,5,24,13,251,26,180,206.5,182,65,117,194,19,644,2,3,255,253,20,43.5,102.5,395,17,472,48,11,148,125,22,9,319,89,81,66,193.5,46.5,16,58,10,48,231,212.5,398.5,77,3,266,6,6,12,86,9,558,405,3,9970
"34(1,C10)",Unknown27,2,1,2,1,1,0,1,1,0,1,1,1,0,1,1,2,2,1,1,0,1,1,1,1,1,1,1,1.5,2,2,1,1,2,4,1,1,1,2,2,1,1,2,1,1,1,2,2,2,1,2,2,2,1,2,2,2,2,4,3,5,2,3,3,3,3,3,12658
"35(1,C11)",Unknown27,2,1,1,1,0,1,1,1,0,1,1,1,0,1,0,1,2,0,1,1,1,1,1,1,1,1,1,1,2,2,1,1,1,4,1,1,1,1,2,1,1,1,2,1,2,2,2,2,2,2,2,2,1,2,2,2,2,3,3,4,2,3,3,3,3,3,10338
"36(1,C12)",Unknown27,2,1,1,1,0,0,0,1,0,1,1,1,1,1,0,1,2,0,1,0,1,1,1,1,1,0,1,1,2,2,2,1,1,4,1,1,1,1,3,2,1,1,1,2,2,2,1,2,2,2,2,2,2,2,2,2,2,4,3,5,2,3,3,3,3,3,12208
"37(1,D1)",Unknown4,3,1,6,2,4,10,1,1,1,2,3,5,2,1,0,1,3,1,2,1,2,1,1.5,5,2,1,1,1,1,1,2,2,2,1,1,2,5,1,5,8,1,1,6,3,2,2,3,13,4,2,2,1,3,4,2,3,1,2,3,3,2,2,3,4,3,3,10761
"38(1,D2)",Unknown4,3,2,4,3,3,9,2,1,0,3,3,6,1,1,1,1,3,0,2,1,3,2,2,4,1,2,1,1.5,1,1,2,3,2,2,1,2,5,2,5,6,2,1,5,3,2,3,4,12,4,3,2,2,4,4,3,4,2,2,2.5,3,2,3,4,3,5,2,9946
"39(1,D3)",Unknown4,3,1,6,2,4,9,2,1,2,2,3,4,2,1,1,2,4,2,3,1,3,2,2,5,1,1,1,1,1,2,3,2,2,1,1,2,5,2,5,8,2,2,5,3,1,2,3,13,5,2,2,2,3,4,2,4,2,2,3,3,3,3,3,4,4,3,11289
"40(1,D4)",Unknown12,1,1,1,1,0,1,2,1,1,1,1,1,1,1,1,1,2,1,1,1,1,2,1,1,1,1,1,1,1,1,2,1,1,1,1,2,1,2,2,2,2,2,3,2,1,2,2,3,2,2,2,2,2,2,2,3,2,2,3,5,2,2,4,2,2,3,11332
"41(1,D5)",Unknown12,1,1,1,1,1,1,2,1,1,1,1,1,1,1,1,1,2,1,1,1,1,2,1,2,2,1,1,2,1,1,2,2,2,1,2,2,1,2,1,2,1,2,3,2,2,2,2,2,2,3,2,2,2,2,2,2,2,2,3,5,2,2,4,3,2,3,10014
"42(1,D6)",Unknown12,1,0,1,1,0,1,2,1,1,1,0,1,1,0,1,1,2,1,1,1,1,1,1,1,2,1,1,2,1,1,1,1,1,1,1,1,1,1,2,2,1,1,3,2,1,2,2,2,2,1,2,1,2,2,1,2,2,2,2,4,2,2,4,3,3,3,12496
"43(1,D7)",Unknown20,120,157,139,96,38,64,366,56,4,193,252.5,285,332,6,20,12,333,28,177,188,211,64,115,187,25,1249,2,4,221,206,59,64,139,387,25,466,56,12,135,135,25.5,15,394,72,77,124.5,187,135,18,135.5,9,63,247.5,295.5,407,92,3,228.5,12,11,14.5,95,11,549,445.5,3,10950
"44(1,D8)",Unknown20,127,164,147,100.5,37,68,398.5,60,4,202.5,265,303,332,5,22,12,347,31,183.5,196,221,74,118,192.5,24,1310,2,4,230,240,70,72,143,399.5,25,493,62,12,129,149.5,27,17,405.5,73,81,129.5,187,128,19.5,141,10,62,266,301,409.5,99,4,240.5,13,12,15,102,11,574.5,461,3,10916
"45(1,D9)",Unknown20,119,161.5,156.5,97,40,65,390,59,5,201,261.5,301,347,6,21,12.5,329,29,181,186,213,69,122.5,185,25,1244,2,4,233,213,61,68,164,399.5,24,479,62.5,13,135.5,148,27,17.5,387.5,70,74,136,183,123,19,140,11,62,245,259,425.5,96,3,245.5,13,15,17,103,11,557.5,443,3,9703
"46(1,D10)",Unknown28,1,2,2,1,2,1,1,1,0,1,1,2,1.5,2,2,2,2,1,3,2,2,2,2,4,3,1,1,1,2,2,3,2,2,2,1,1,2,3,3,3,2,2,2,1,3,3,3,2,3,2,3,2.5,2,2,3,2,2,3,3,5,4,3,4,3,3,4,11000
"47(1,D11)",Unknown28,0,0,1,0,0,0,1,0,0,1,1,1,0,1,1,1,1,0,1,1,1,1,1,1,2,0,1,1,1,1,1,1,0,1,1,1,1,1,1,1,1,1,1,1,1,2,2,2,1,1.5,2,1,2,2,2,2,2,2,3,5,2,2,3,2,2,2,11047
"48(1,D12)",Unknown28,1,0,1,0,1,0,0,0,0.5,1,1,0,0.5,1,1,1,1,1,1,1,1,1,1,1,1,1,1,1,1,1,1,1,1,1,1,1,1,2,1,2,1,1,2,2,2,2,2,1,1,1,2,2,1,2,2,2,2,2,3,4,2,2,3,3,2,2,11531
"49(1,E1)",Unknown5,5,4,21,27,2,24.5,11,9,1,6,31,4,5,2,6,3,12,0,4,4,15,9,13,63,7,19,2,1,5,8,3,11,7,29,2,2,8,20,18,30,12,1,26,3,3,177,9,4,4,88,3,3,18,29,3,58.5,5,8,5,13.5,5,10,4,5,4,4,9447
"50(1,E2)",Unknown5,5,2,22,24,2,24,11,7,0,7,34,3,4,1,5,2,11,1,2,3,13,7,14,68,6,18,1,1,5,6,2,10,5,29,2,1,7,19,19,30,11,1,24.5,2,2,201,8,2,2.5,88,3,4,16,32,2,66.5,2,6,3,11,4,9,4,3,4,3,10197
"51(1,E3)",Unknown5,3,2,15,15,3,15,7,5,1,4,22,2,3,0,4,1,9,1,3,2,9,6.5,11,37,4,13,1,1,3,4,2,9,3,14.5,1,1,7,12,13,17,7,2,20.5,2,2,133.5,6,2,3,63,2,3,12.5,19,2,39,2,5,3,10,4,7,4,3,3,3,9464
"52(1,E4)",Unknown13,3,12,12,16,5,1,20,5,0,2,1,1,2,1,1,1,4,1,1,1,5,1,9,1,1,2,0,1,1,3,2,2,1,28,1,4,3,2,21,1,1,3,17,2,2,2,3,3,1,10,2,2,6,17,2,2,2,4,3,5,4,5,3,7,5,2,10631
"53(1,E5)",Unknown13,3,13,13,16,5,1,20,6,1,2,0,1,2,1,0.5,1,4,1,1,1,5,2,9,1,1,1,1,1,0,3,1,2,2,31,1,4,4,1,22,2,1,4,21,2,2,2,3,4,2,11,2,2,6,19,2,2,2,4,3,4,4.5,6,3,7,5,3,11132
"54(1,E6)",Unknown13,3,11,10,12,4,1,17,5,1,1,1,1,2,1,1,1,4,1,1,1,5,1.5,8,1,1,1,1,1,1,2,2,2,1,26,1,3,4,2,18,2,1,4,17,2,2,2,3,3.5,2,10,1,1,5,15,2,2,2,4,2,3,4,5,3,6,5,3,10348
"55(1,E7)",Unknown21,3,2,134,43,1,3,103.5,54,1,20,15,2,4,1,1,3,4,1,4,3,9,3,4,5,3,16,1,1,11,5,4.5,3,2,428.5,17,187,1,4,6,4,2,22,9,1,2,7,23,6,2,13,2,2,12,7,19,3,21,21,3,8,2,222.5,4,256,223,3,10193
"56(1,E8)",Unknown21,2,1,125,43,1,4,108,57,1,20,15,2,4,1,1.5,2,4,1,4,4,10,2,3,6,3,15,1,1,11,5,4,3,2,391,16,176,1,4,6,4,1,19,9,1,1,7,22,6,1,12,2,2,11,7,18,3,20,21,3,8,2,208,4,233,209,3,11271
"57(1,E9)",Unknown21,3,2,132,44,1,3,109,54,0,20,15,1,5,2,2,2,4,1,4,4,9,3,3,5,3,15,1,1,11,5,4,3,2,425,16,180,1,4,6,4,2,22,9,1,1,7,22,7,2,12,3,2,11,6,16,3,20,19,3,7,2,217.5,3,230,203,3,12419
"58(1,E10)",Unknown29,1,1,1,1,1,2,13.5,2,1,1,1,1,1,1,1,1,2,1,2,1,2,1,1,1,2,1,1,1,1,1,2,2,1,2,2,1,1,2,2,3,2,2,12,2,2,2,2,2,2,2,2,2,3,4,2,2,3,2,3,6,2,3,4,4,3,3,13014
"59(1,E11)",Unknown29,1,1,1,1,1,2,12.5,1,1,0,1,1,1,1,1,1,2,1,2,1,2,1,1,1,2,1,1,2,1,1,2,2,1,2,2,2,1,2,2,4,2,2,12,2,2,2,2,2,2,2,2,2,3,3,2,2,2,2,3,5,2,2,4,3,3,3,9560
"60(1,E12)",Unknown29,1,1,1,1,0,2.5,11,2,1,1,1,0,1,1,1,1,1,1,1,1,2,2,1,1,2,1,1,1,1,1,2,2,1,2,1,2,1,2,2,3,2,2,13,2,2,2,2,2,2,2,2,2,2,4,2,3,3,2,3,6,2,2,4,3,3,3,10661
"61(1,F1)",Unknown6,3,1,6,6,2,5,4,2,0,3,18.5,2,1,0.5,2,1,4,1,1,1,2,2,5,8,2,6,1,1,2,3,2,5,3,9,1,1,3,5,6,5,3,2,11,1,1,109,4,2,2,19,2,2,3,10.5,2,8,2,2,3,4,4,5,3,3,3,3,10140
"62(1,F2)",Unknown6,2,1,6,6,3,4,4,2,0,2,18,1,1,0,2,1,4,1,1,1,2,2,3,6,2,6,1,1,2,2,2,5,3,8,1,1,2,5,5,5,3,2,11.5,1,1,109,5,2,1.5,21,2,2,3,10,2,7,2,2,3,6,4,5,3,3,2,3,10048
"63(1,F3)",Unknown6,2,1,6,6,2,4,3,2,0,3,18,1,1,1,2,1,4,1,1,1,2,2.5,5,7,2,6,1,1,3,3,2,5,3,9,1,1,2,5.5,5,5,3,1,11,1,1.5,103,4,2,2,20,2,1,3,10,2,8,2,3,3,6,3,5,4,4,3,3,12519
"64(1,F4)",Unknown14,1,4,4,3,1,1,4,2,0,0,1,1,0,1,1,1,2,0,1,0,2,1,3,1,1,1,1,1,1,1,1,1,1,10,1,1,1,1,3,2,1,1,3,1,2,2,2,1.5,1,2,2,2,3,6,2,2,2,2,4,3,3,3,3,4,3,3,12235
"65(1,F5)",Unknown14,2,5,5,3,2,2,5,3,1,1,2,1,2,1,1,3,2,1,2,1,3,3,4,2.5,2,3,2,2,2,2,3,2,1,10,2.5,2,2,2,4,3,2,2,4,2,2,3,2.5,3,2,3,3,3,3,8,2,3,3,3,5,3,3,4,3.5,4,3,3,10897
"66(1,F6)",Unknown14,1,3,3,3,1,1,4,2,0,1,1,1,0,1,0,1,2,1,0,1,2,1,3,1,1,1,1,1,1,1,1,1,1,8,1,1,2,1,3,1,1,2,3,2,2,2,2,2,2,3,2,1,3,6,2,2,2,2,3,3,3,2,3,4,3,3,10475
"67(1,F7)",Unknown22,1,0,25,8,0,1,23,11,1,10,5,3,1,1,1,1,4,1,3,1,2,1,1,2,1,2,1,1,3,2,2,1,2,90.5,3,41,1,2,6,4,1,7,4,1,2,3,12,3,1,4,2,2,3,5,4,2,4,9,3,5,2,44,3,63,56,3,11724
"68(1,F8)",Unknown22,1,1,25,8,1,1,23,12,0,9,4,2,1,1,1,1,3,1,3,2,2,1,2,2,2,2,1,1,3,3,1,1,1,78,3,38.5,1,2,6,3,1,8,4,1.5,2,3,11,3,1,4,2,1,3,4,4,2,4,8.5,3,6,2,43,3,60,55,3,10571
"69(1,F9)",Unknown22,1,0,25,8,1,1,24,11,1,9,4,2,1,1,1,1,3,1,3,1,2,1,2,2,2,2,1,1,3,2,1,2,1,82.5,2.5,41,1,2,5,3,1,8,4,2,1,3.5,12,2.5,2,4,2,1,3,4,4,2,4,8,3,5,2,43.5,3,59.5,55,3,11996
"70(1,F10)",Unknown30,1,1,1,1,1,1,6,1,1,0,1,1,1,0,1,1,2,1,1,1,1,2,1,1,2,1,1,1,1,1,1,1,1,1.5,1,1,1,1,2,2,1,1,6,2,1,2,2,3,2,2,2,2,2,3,2,2,2,3,2,5,2,2,3,3,3,3,10930
"71(1,F11)",Unknown30,1,1,0,0,0.5,1,6,1,1,1,1,1,0,1,1,1,2,1,1,1,1,1,1,1,1,0,1,1,1,1,2,1,1,2,1,1,1,1,2,2,2,2,6,1,2,2,2,2,2,2,1,2,2,2,2,2,2,2,3,4,2,2,3,3,2,3,11092
"72(1,F12)",Unknown30,1,1,1,0,1,1,6,1,1,1,1,1,1,1,1,1,1,1,1,1,1,2,0,1,1,1,1,1,1,1,1,2,1,1,1,2,1,1.5,2,2,1,1,6,2,2,2,2,2,2,2,2,2,2,2,2.5,2,3,2,3,4.5,2,2,4,3,3,3,11343
"73(1,G1)",Unknown7,17,2,2,2,3,3,3,1,1,1,1,11,6,0,1,1,1,1,1,1,6,1,2,1,1,9,1,1,1,1,3,5,4,2,1,6,1,2,5,4,2,1,6,2,2,2,2,1,6,19,2,1,8,4,3,2,2,3,3,5,4,21,3,10,9,3,12373
"74(1,G2)",Unknown7,17,1,2,1,2,3,3,1,1,1,1,12,6,1,1,1,1,1,1,1,6,2,1,1,1,10,1,1,1,0,4,5,4,3,1,5,2,1,6,4,2,1,7,2,3,2,2,1,5.5,20,2,2,7,4,3,3,2,2,3,5,4,21,3,9,9,3,10715
"75(1,G3)",Unknown7,18,3,5,3,3,6,4,1,2,1,2,12,4,3,2,3,3,3,3,0,8,3,4,2,2,10,3,2,2,1,5,7,5,4,3,6,3,3,7.5,5,3,2,6.5,4,4,2,4,3.5,8,21,2,2.5,9,6,4,3,4,3,4,3.5,4,23.5,5,11,10,4,11255
"76(1,G4)",Unknown15,1,2,1,1,2,1,2,1,1,2,6,7,2,0,1,2,6,1,5,6,9,2,3,1,1,1,1,1,11,7,4,3,2,3,3,8,2,2,4,2,1,1,4,2,2,2,4,4,2,7,2,2,13,5,2,3,2,2,3,4,2,3,4.5,11,8,8,12144
"77(1,G5)",Unknown15,1,2,1,1,1,1,1,1,0,2,7,7.5,2,1,1,2,6,1,5,6,11,1,2,1,1,1,1,1,11,7,3,3,2,3,3,8,1,2,3,1,1,1,4,1,2,2,4,3,2,8,2,3,13,5,2,2,2,3,3,4,2,3,5,10,9,9,10574
"78(1,G6)",Unknown15,1,2,1,2,1,1,1,1,1,3,7,7,2,1,1,2,6,1,4,6,10,2,2,1,2,2,1,1,11,7,3,3,2,3,4,7,2,2,3,2,1,1,3,1,2,2,4,4,2,8,2,2,13,5,2,2,2,2,3,4,2,3,4,10,8,8,11659
"79(1,G7)",Unknown23,12,105,66,32,4,61.5,148,38,5.5,74,1,5,66.5,1,16,10,64,6,1,2,51.5,4,12,3,2,80.5,10,1,27,58,15,51,18,157,130,211,10,5,23,79,74.5,3,99,22,25,33.5,103,55,6,101,14,2,54,11,52,2,3,25,5,21,11,28,4,227,186,6,10009
"80(1,G8)",Unknown23,10,97,72,30,3,64,140.5,35,5,82.5,0,5,67.5,1,16,11,55,6,1,1,43,4,8,2,2,85,11,1,27,57.5,13.5,50,18,154,118,187,11,5.5,23,90,70,2,93.5,23,25,29,100,56,6,103,14,2,46.5,9,48,3,3,24,6,20,11,27,4,191,161.5,6,9693
"81(1,G9)",Unknown23,12,109.5,72,30.5,3,64,155,39,5,76,1,5,72,1,17,11,63.5,7,2,2,49,5,13,2,3,88,11,1,27,59,15,54,19,150,136,223,12,5.5,22,84,73,3,103,23,25,33,115,56,6,102,15,2,57,11,58,3,3,27,5,21,10,29,4,222,193,6,10058
"82(1,G10)",Unknown31,11,8,9.5,13,34,9.5,41.5,34,47,87.5,40,41,7,3,3,2,31,3,141,13.5,61,4,4,16,5.5,5,2,3,19,56,48,38,60,9,9,4,3,4,142,9,4,9.5,30,5,6,4,102,5,3,6,3,16,62,29,4.5,12,4,2,5,31,5.5,13,6,7,7,3,10059
"83(1,G11)",Unknown31,11,7,8,14,32,9,38,30,45,87,36,37,7,0,1,1,28,1,138,12,55,4,4,13,4,3,1,2,18,52,46,37,59,8,7,4,2,2,132,8,2,10,28,3,4,2,97,3,2,4,2,16,60,26,3,12,2,3,4.5,40,4,12,4,5,4,2,10853
"84(1,G12)",Unknown31,12,7,10,13,35,9,39,33,46,83.5,39,38,5,1,1,1,29,1,144,14.5,59,3,4,16,4,4,1,1,19,54,49,37,57,8,8,4,2,2,139,10,1,11,29,2,4,2,105,2.5,2,4,2,17,66,27,3,12,2,3,4,28,4,12,3,5,4,3,11363
"85(1,H1)",Unknown8,5,1,1,1,1,1,1,0,1,0.5,1,5,1,0,1,1,1,1,1,1,3,1,1,1,1,2,1,1,1,1,2,2,1,1,1,2,1,2,3,2,1,1,3,1,1,2,1,2,3,8,2,1,3,2,2,3,2,2,3,3,2,7,3,4,4,3,10844
"86(1,H2)",Unknown8,6,1,1,1,1,1,1,0,1,0,1,5,1,1,1,1,1,0,1,1,2,1,1,1,1,2,1,1,0,1,2,2,2,2,1,1.5,1,1,3,2,1,1,3,2,2,2,2,2,2,8,2,2,3,2,2,2,1,1,3,4,3,6,4,4,3,3,9631
"87(1,H3)",Unknown8,5,1,1,1,2,1,2,1,0,0,1,5,1,1,1,1,2,0,1,0,1,2,1,1,1,2,1,1,0,1,2,2,1,2,1,2,0,2,2,2,1,1,2,2,2,2,2,2,3,8,2,2,3,2,2,2,2,2,3.5,4,2,6,3,5,4,3,10509
"88(1,H4)",Unknown16,2,2,1,2,2,1,4,1,1,2,6,4,2,0,1,1,3,1,8,4,6,2,5,1,2,2,1,1,2,1,3,3,2,2,5,7,1,1.5,4,2,1,3,5,2,2,3,4,4,2,6,1,2,8,12,2,2,2,2,3,3,2,3,4,9,9,3,10863
"89(1,H5)",Unknown16,2,2,2,3,1,3,7,2,2,2,7,7,4,3,3,2.5,5.5,3,11,5,7,5,8.5,3,3,4,3,2,5,3,4,4,6,4,7,9,4,3,5,3,3,4.5,8,2,3,5,5,4,4,8,5,3,9,15,4,3,5.5,4,5,3,5,4.5,6,11,10,4,10160
"90(1,H6)",Unknown16,2,2,1,2,1.5,1,5,1,1,2,5,4,2,1,1,2,4,1,9,5,6,1,5,1,2,2,1,1,3,1,4,3,2,2,5,6,2,2,4,2,1,3,5,2,2,2,3,3,2,7,2,2,8,13,2,2,2,2,4,3,2,3,4,8,9,4,10141
"91(1,H7)",Unknown24,3,56,58,11.5,2,44,14,10,2,22,0,2,25,1,8,6,20,1,1,1,10,2,4,2,2,32,2,1,10,22,5,13,6,50,43,97,5,2,6,48,27,2,13,9,7,18,27,18,2,18,7,1.5,11,6,23,4,3,9,3,9,4,9,3,105,84,4,10399
"92(1,H8)",Unknown24,3,57,60,12,1,43,14,9,2,21,0,3,23,1,7,6,20,1,1,2,12,2,3,2,2,32,3,1,10,21,5,13,7,52,46,101,5,2,6,48,24,1,13,9,8,17,27,19,2,18,7,2,13,6,23,3,2,10,4,11,4,8,4,109,85,4,10614
"93(1,H9)",Unknown24,3,55,59,13,1,45,15,10,1,20,1,3,24,1,7,7,20,2,1,0,11,2,4,2,2,31,3,1,10,22,5,13,8,56.5,47,109,5,3,6,48,27,2,13,9,8,18,28.5,18,3,19,8,2,13,6,22,4,2,8,4,10,5,9,3,120,89,3,9910
"94(1,H10)",Unknown32,1,0,0,0,1,0,1,0,1,0,1,1,1,1,1,1,1,1,1,1,1,1,1,1,1,1,1,1,1,1,2,1,1,1,0,1,1,1,1,1,1,0,1,1,2,2,2,1,1,1,1,2,2,2,2,2,1,2,3,9,2,2,3,2,2,3,10629
"95(1,H11)",Unknown32,0,0,1,1,0,1,0,1,1,0,0,1,1,0.5,1,1,1,1,1,0,1,1,0,1,1,0,0,1,1,1,1,1,1,1,1,1,1,1,1,1,1,1,2,2,1,2,2,1,1.5,2,2,1,2,2,2,2,2,2,3,17.5,2,2,3,3,2,3,10226
"96(1,H12)",Unknown32,1,1,1,0,1,1,0,1,0,1,1,1,1,1,1,1,1,1,1,1,0,1,0,1,1,1,1,2,1,1,1.5,1,1,1,1,1,1,1,2,1,1,1,1,1,2,2,2,2,2,1,2,1,2,2,2,3,1,2,2,10,2,2,3,2,2,3,10187
,,,,,,,,,,,,,,,,,,,,,,,,,,,,,,,,,,,,,,,,,,,,,,,,,,,,,,,,,,,,,,,,,,,,
DataType:,Net MFI,,,,,,,,,,,,,,,,,,,,,,,,,,,,,,,,,,,,,,,,,,,,,,,,,,,,,,,,,,,,,,,,,,,
Location,Sample,Analyte 5,Analyte 7,Analyte 8,Analyte 10,Analyte 12,Analyte 14,Analyte 15,Analyte 16,Analyte 18,Analyte 19,Analyte 21,Analyte 22,Analyte 23,Analyte 25,Analyte 27,Analyte 28,Analyte 29,Analyte 32,Analyte 33,Analyte 34,Analyte 36,Analyte 37,Analyte 38,Analyte 40,Analyte 41,Analyte 42,Analyte 44,Analyte 45,Analyte 46,Analyte 48,Analyte 49,Analyte 50,Analyte 52,Analyte 53,Analyte 54,Analyte 56,Analyte 58,Analyte 60,Analyte 61,Analyte 62,Analyte 64,Analyte 65,Analyte 66,Analyte 68,Analyte 69,Analyte 70,Analyte 72,Analyte 73,Analyte 74,Analyte 75,Analyte 76,Analyte 78,Analyte 79,Analyte 80,Analyte 81,Analyte 83,Analyte 84,Analyte 85,Analyte 86,Analyte 88,Analyte 89,Analyte 90,Analyte 92,Analyte 93,Analyte 94,Analyte 95,Total Events
"1(1,A1)",Unknown1,28,182.5,300,57,31,349,215,185,101,97,4,91,213,2,4,32,83,5,5,57,69,4,55.5,8.5,39,8,1,2,57.5,27,20,28,11,7,8,3,79,60,98.5,423,138.5,24,192,26,37,40,90,43,3,64,14,3,131,176,77,14,9,66,13.5,13,24,26,5,6,5,37,10520
"2(1,A2)",Unknown1,32,179,314,57,31,353,223.5,182.5,102,100,4,92,209,2,5,31,79,6,6,60,68,4,53,8,36,8,1.5,2,55,26,20,27.5,11,7,8,3.5,76,59,99,451,139,22,195,28,37,41,92.5,42,3,67,14,3,136,180,78,14,8,65,13,14,24,27,5,6,5,37,12373
"3(1,A3)",Unknown1,30,183,326.5,57,32,361,224,186,104,99,4,92,211,2,5,32,80,6,5,62,68,4,56,8,37,8,1,2,56,26,20,30,11,7,8,4,77,62,104,435,139.5,21,202,28,39,43,93,43,3,67,15,3,138,180.5,82,14,8,64,14,14,24,28,5,6,5,37,12356
"4(1,A4)",Unknown9,5,19,74,46,3,20,80.5,39,1,57,12,10,17,2,3,3,13,2,38,26,21,3,15,3,13,18,13,1,19,16,73,24,22,185,134,66,4,4,15,6,6.5,2,36,3,3,7,76,59,3,27,3,7,24,33,12,11,22,69,5,21,34,68,3,91,72,3,10448
"5(1,A5)",Unknown9,6,18,76,44,3,18.5,78.5,39,1,57,12,10,16,2,3,4,13,2,35,25,22,3,13,3,13,18.5,13.5,1,20,17.5,80,23,22,188.5,134,64,3,4,16,6,7,2,37,3,3,8,75,60,3,25,3,6,24,31,13,10,21,65,5,22,34.5,70,4,87.5,68,2,11071
"6(1,A6)",Unknown9,5,18,70,41,3,20,74,39,1,58,12,9,17,2,3,3,12,2,34,25.5,20,3,14,3,13,17,13,1,19,17,77,23,20,178.5,133,68,4,4,15,7,7,2,33,3,3,8,71,57,3,24,3,7,22,30,13,10,21,65,5,18,33.5,63,4,87,70,3,13631
"7(1,A7)",Unknown17,62,616,134,142,68,135.5,86,64,8,469,2,68,55,3,33,88,52,26,9,11,33,32.5,23,31,18,173,120,11,228,274,101.5,115,9,4,4,6,244.5,149,173,262.5,8,43,314,97,50,176,464,13.5,11,388,62,4,39,53,11,57,10,75.5,10,28,9,12,6,9,9,3,11190
"8(1,A8)",Unknown17,59,617,144,143,70,145,84,63,7,471,2,68,53.5,3,31,88,49,25,10,9,34,30.5,23,31,19,172,119,10,220.5,263,101,115,8.5,4,4,7,264,152.5,173,257,9,42,319.5,91.5,49,182,470,14,10,361,64.5,4,40,49,10,58,11,80,10.5,27,8.5,12,6,9,9,3,10573
"9(1,A9)",Unknown17,61,586,125,127,69,135.5,78,58.5,6,441,2,61,53,3,31,88,48,24,9,9,32.5,32.5,19,33,17,168,115,10,198,248,97,107,8,4,4,6,237,128,155.5,260,9,38,300,96,48,178.5,428,12.5,10,333,59,4,38,49,10,58,12,72,10,26,8,11,6,8.5,9,3,11022
"10(1,A10)",Unknown25,0.5,1,1,0,1,1,1,0,0,1,1,1,1,1,1,1,1,1,1,1,1,1,1,1,1,1,1,1,1,1,2,1,1,1,1,1,1,1,1,2,1,1,3,1,1,2,1,1,1,1,1,1,2,4,2,2,2,2,2,5,2,2,4,3,3,3,11971
"11(1,A11)",Unknown25,1,1,3,1,2,2,2.5,3,2,3,2,2,2,2,2,3,3,1,2,3,2,3,3,2,3,2,2,4,3,3,2.5,2,4,2,1,2,3,2,3,2,2.5,3,4,3,2,3,3,3,3,2.5,2,4,2,4,3,4,4,4,4,4,4,4,4,3,3,4,10994
"12(1,A12)",Unknown25,1,1,0,1,1,1,1,1,1,0,1,1,0,1,1,1,1,1,1,1,1,1,1,1,1,2,1,1,1,1,2,2,1,1,1,1,1,2,1,2,1,1,3,2,1,2,1,1,2,2,1,2,2,4,2,2,2,2,3,5,3,2,3,3,3,3,10118
"13(1,B1)",Unknown2,8,30,2,5,5,32.5,15,14,8,11,1,15,21,1,4,17,10,1,1,2,4,2,13,2,3,2,1,1,8.5,4,3,5,9,1,2,1,12,6,15,29,15,2,15,4,5,9,12,9,1,6,5,1,14,25,6,4,3,7,3,9,4,6,3,3,2,6,10911
"14(1,B2)",Unknown2,8,30,3,5,5,34,15,14,8,11,1,16,20,1,3,17,8,1,1,3,4,2,12,3,4,2,1,1,8,4,3,4,9,1,2,2,13.5,6,14,29,17,3,15.5,4,5,8,11,10,2,8,5,2,15,24,6,4,3,8,4,8,4,5,4,4,3,6,10714
"15(1,B3)",Unknown2,8,30,3,5,5,33,14,14,7,11,2,15,21,1,4,16,8,2,2,3,4,2,12,3.5,4,1,1,1,7,4,4,6,9,1,2,1,12,6,13,30,16,3,14,4,5,9,11,8,2,7,5,2,13,24,6,4,3,7,4,8,5,5,4,3,3,6,10876
"16(1,B4)",Unknown10,3,31,24,37,7,10.5,29,25,1,25,7,10,9,1,1,3,10,2,36,22,28.5,7,17,4,17,9,4,1,15,12,57,38,31,54,52,53,5,4,27.5,6,13,2,23,3,2,6,34,40.5,3,36,3,7,30,25,8,13,13,32,4.5,21,48,73,4,49,38,3,11146
"17(1,B5)",Unknown10,4,30,26,35,4,11,29,24,1,24,7,9,10,1,2,2,10,2,34,24,27,6,18,4,15,8,5,1,14,12,56,35,30,54,49,51,5,3,25,6,13,2,22,3,2,6,33,42.5,2,33,2,7,28,24,9,13,13,29,4,22,47,75,4,48,40,2.5,10694
"18(1,B6)",Unknown10,4,30.5,25,34,6,10,29,25,1,22,7,9,9,1,1,2,10,2,33,22,27,6,18,4,14.5,8,5,1,14,12,51,37,31,51,53,52,5,3,27,7,12,2,22,3,2,6,33,42,2,32,2,6,29,24,8,13,12,29,5,20,47,71,4,49,40,3,11496
"19(1,B7)",Unknown18,74.5,581.5,92,93,126,155,95,43,5,319,3,136,42,2,38,84,36,23,7,6,16,29,100,64,34,105,60,6,82,120,154,81,64,29,3,64,271,100,211,198,7,41,569,119,39,266,322,28,21.5,666,61,4,18,255.5,15,69.5,6,22,17,137.5,85,118,5,148,147,3,11333
"20(1,B8)",Unknown18,79.5,620,91,90,127,162.5,92,43,6,312.5,4,125,41,5,38,88,39,23,8,8,17,26,108,62,35,110,60,8,81,119,157,83,65,29,4,69,274,103,208,200,8,41,559.5,123,37,281.5,337,28,23,683,60,5,17,256.5,14,68,7,21.5,16,131,81,121,5,148,153,5,10638
"21(1,B9)",Unknown18,72,575,84,91,116,146.5,94,39,5,312.5,2,128,41,2,35,82.5,35,23,7,6,17,27,99,68,32,99,56,6,78,117,142.5,74,58,29,3,64,246,101,205.5,191,7,40,555,115,37,259,330.5,27,20,656,55,4,16,242,14,68,6,21,15,126,77,120,6,134,149,3,10676
"22(1,B10)",Unknown26,0,0,0.5,0,1,1,1,1,1,0,1,1,0,0,0,1,1,0,1,1,1,2,0,1,1,1,1,1,1,1,2,1,2,1,1,1,1,1,1,2,1,1,1,1,1,2,2,2,1,2,1,2,1,2,2,2,2,2,3,4,2,2,3,3,2,3,10173
"23(1,B11)",Unknown26,0,1,1,0,0,0,1,1,1,1,1,1,0,0,1,1,1,0,1,1,0,1,1,0,1,1,1,1,1,1,1,1,1,1,1,1,1,1,1,2,1,1,2,1,1,2,2,2,1,2,2,2,1,2,2,2,2,2,3,5,2,2,3,2,2,3,10528
"24(1,B12)",Unknown26,1,0,1,0,0,1,0,1,0,1,1,1,0,1,1,1,1,1,1,1,0,1,1,1,1,0,1,1,1,1,1,1,1,0,1,1,1,1,1,1,1,1,1,1,1,1,1,1.5,1,1,1,1,1,2,2,2,2,2,3,5,2,2,4,3,2,2,10998
"25(1,C1)",Unknown3,5,5,18,5,11,29.5,4,3,1.5,4,8,21,6,2,3,3,4,3,2,3,9,3,3,10,3,5,2,3,2,3,2,2,4,2.5,3,3,16,4,14,26.5,3,2.5,9,4,3,2,4,29,3,3,4,2,11,7,4,5,3,3,3,9,4,3,5,5,5.5,5,11107
"26(1,C2)",Unknown3,5,3,16,3,9,28,1,2,0,1,5,19,3,1,1,2,3,1,1,1,9,1,2,8,2,2,0,1,0,1,2,2,1,1,1,3,13,2,13,25,1,1,8,5,1.5,2,4,31,4,2,3,2,10,6,2,4,2,2,3,6,3,2,3,5,4,3,11332
"27(1,C3)",Unknown3,4,3,16,2,10,28,1,2,1,2,5,19,3,1,1,2,3,1,1,0,9,2,2,8,1,2,1,1,1,1,2,2,1.5,1,1,3,12,1,13,24,1,1,7.5,4,1,2,3,30,3,2,2,2,10,6,2,4,1,2,3,7,2,3,3,5,3.5,3,13060
"28(1,C4)",Unknown11,1,1.5,1,1,1,1,16,1,1,1,1,1,0,1,1,1,2,1,1,1,1,1,1,1,1,1,1,1,0,1,2,1,1,1,1,4,1,1,2,2,8,2,13,2,1,2,2,2,1,1,1,1.5,1,2,2,2,3,2,3,5,2,2,4,4,2.5,3,11220
"29(1,C5)",Unknown11,1,1,1,1,0,1,19,0,1,1,1,1,1,1,0,1,1,1,1,0.5,1,1,1,1,1,1,1,1,1,1,1,1,1,1.5,1,3,1,1,3,1,8,2,14,1,1.5,2,2,2,1,1,2,1,1,2,2,2,2,2,3,5,2,2,3,4,3,3,13281
"30(1,C6)",Unknown11,1,1,1,0,1,1,18,1,1,1,1,1,1,1,1,1,2,1,1,1,1,1,1,1,1,1,1,1,1,1,2,1,1,1,1,4,1,1,2,2,9,1,16,1,2,2,1,1,2,1,2,1,2,2,2,2,2,2,3,6,2,2,3,4,3,3,10849
"31(1,C7)",Unknown19,119,115,184,147,51,63,322,80,5,203,274,244,287.5,7,25,13,242.5,26.5,180,207,181,69,127,197,19,706.5,3,4,255,246,21,46,110.5,392.5,17,463.5,46,12.5,159,129,24,9,324,90,84,68,209.5,46,16,63,9,50,244,227,437,82,4,262,7,8,13,88,9,547,402,3,10833
"32(1,C8)",Unknown19,117,128,189,154.5,49,68.5,325,80,5,193,249.5,261,291,5,25,13,263,28,183.5,207,177.5,66.5,124,200,19,680,2,4,263,243.5,21,44,104,430,17,487.5,46,12,152,134,24,10,319,96,81,71,201,48,16,60,10,51.5,235.5,221.5,425,83.5,3,267.5,5,6.5,13,88,10,574,431,3,10986
"33(1,C9)",Unknown19,116,114,174,146,48,64,297.5,80.5,5,187.5,246,243,279,5,24,13,251,26,180,206.5,182,65,117,194,19,644,2,3,255,253,20,43.5,102.5,395,17,472,48,11,148,125,22,9,319,89,81,66,193.5,46.5,16,58,10,48,231,212.5,398.5,77,3,266,6,6,12,86,9,558,405,3,9970
"34(1,C10)",Unknown27,2,1,2,1,1,0,1,1,0,1,1,1,0,1,1,2,2,1,1,0,1,1,1,1,1,1,1,1.5,2,2,1,1,2,4,1,1,1,2,2,1,1,2,1,1,1,2,2,2,1,2,2,2,1,2,2,2,2,4,3,5,2,3,3,3,3,3,12658
"35(1,C11)",Unknown27,2,1,1,1,0,1,1,1,0,1,1,1,0,1,0,1,2,0,1,1,1,1,1,1,1,1,1,1,2,2,1,1,1,4,1,1,1,1,2,1,1,1,2,1,2,2,2,2,2,2,2,2,1,2,2,2,2,3,3,4,2,3,3,3,3,3,10338
"36(1,C12)",Unknown27,2,1,1,1,0,0,0,1,0,1,1,1,1,1,0,1,2,0,1,0,1,1,1,1,1,0,1,1,2,2,2,1,1,4,1,1,1,1,3,2,1,1,1,2,2,2,1,2,2,2,2,2,2,2,2,2,2,4,3,5,2,3,3,3,3,3,12208
"37(1,D1)",Unknown4,3,1,6,2,4,10,1,1,1,2,3,5,2,1,0,1,3,1,2,1,2,1,1.5,5,2,1,1,1,1,1,2,2,2,1,1,2,5,1,5,8,1,1,6,3,2,2,3,13,4,2,2,1,3,4,2,3,1,2,3,3,2,2,3,4,3,3,10761
"38(1,D2)",Unknown4,3,2,4,3,3,9,2,1,0,3,3,6,1,1,1,1,3,0,2,1,3,2,2,4,1,2,1,1.5,1,1,2,3,2,2,1,2,5,2,5,6,2,1,5,3,2,3,4,12,4,3,2,2,4,4,3,4,2,2,2.5,3,2,3,4,3,5,2,9946
"39(1,D3)",Unknown4,3,1,6,2,4,9,2,1,2,2,3,4,2,1,1,2,4,2,3,1,3,2,2,5,1,1,1,1,1,2,3,2,2,1,1,2,5,2,5,8,2,2,5,3,1,2,3,13,5,2,2,2,3,4,2,4,2,2,3,3,3,3,3,4,4,3,11289
"40(1,D4)",Unknown12,1,1,1,1,0,1,2,1,1,1,1,1,1,1,1,1,2,1,1,1,1,2,1,1,1,1,1,1,1,1,2,1,1,1,1,2,1,2,2,2,2,2,3,2,1,2,2,3,2,2,2,2,2,2,2,3,2,2,3,5,2,2,4,2,2,3,11332
"41(1,D5)",Unknown12,1,1,1,1,1,1,2,1,1,1,1,1,1,1,1,1,2,1,1,1,1,2,1,2,2,1,1,2,1,1,2,2,2,1,2,2,1,2,1,2,1,2,3,2,2,2,2,2,2,3,2,2,2,2,2,2,2,2,3,5,2,2,4,3,2,3,10014
"42(1,D6)",Unknown12,1,0,1,1,0,1,2,1,1,1,0,1,1,0,1,1,2,1,1,1,1,1,1,1,2,1,1,2,1,1,1,1,1,1,1,1,1,1,2,2,1,1,3,2,1,2,2,2,2,1,2,1,2,2,1,2,2,2,2,4,2,2,4,3,3,3,12496
"43(1,D7)",Unknown20,120,157,139,96,38,64,366,56,4,193,252.5,285,332,6,20,12,333,28,177,188,211,64,115,187,25,1249,2,4,221,206,59,64,139,387,25,466,56,12,135,135,25.5,15,394,72,77,124.5,187,135,18,135.5,9,63,247.5,295.5,407,92,3,228.5,12,11,14.5,95,11,549,445.5,3,10950
"44(1,D8)",Unknown20,127,164,147,100.5,37,68,398.5,60,4,202.5,265,303,332,5,22,12,347,31,183.5,196,221,74,118,192.5,24,1310,2,4,230,240,70,72,143,399.5,25,493,62,12,129,149.5,27,17,405.5,73,81,129.5,187,128,19.5,141,10,62,266,301,409.5,99,4,240.5,13,12,15,102,11,574.5,461,3,10916
"45(1,D9)",Unknown20,119,161.5,156.5,97,40,65,390,59,5,201,261.5,301,347,6,21,12.5,329,29,181,186,213,69,122.5,185,25,1244,2,4,233,213,61,68,164,399.5,24,479,62.5,13,135.5,148,27,17.5,387.5,70,74,136,183,123,19,140,11,62,245,259,425.5,96,3,245.5,13,15,17,103,11,557.5,443,3,9703
"46(1,D10)",Unknown28,1,2,2,1,2,1,1,1,0,1,1,2,1.5,2,2,2,2,1,3,2,2,2,2,4,3,1,1,1,2,2,3,2,2,2,1,1,2,3,3,3,2,2,2,1,3,3,3,2,3,2,3,2.5,2,2,3,2,2,3,3,5,4,3,4,3,3,4,11000
"47(1,D11)",Unknown28,0,0,1,0,0,0,1,0,0,1,1,1,0,1,1,1,1,0,1,1,1,1,1,1,2,0,1,1,1,1,1,1,0,1,1,1,1,1,1,1,1,1,1,1,1,2,2,2,1,1.5,2,1,2,2,2,2,2,2,3,5,2,2,3,2,2,2,11047
"48(1,D12)",Unknown28,1,0,1,0,1,0,0,0,0.5,1,1,0,0.5,1,1,1,1,1,1,1,1,1,1,1,1,1,1,1,1,1,1,1,1,1,1,1,1,2,1,2,1,1,2,2,2,2,2,1,1,1,2,2,1,2,2,2,2,2,3,4,2,2,3,3,2,2,11531
"49(1,E1)",Unknown5,5,4,21,27,2,24.5,11,9,1,6,31,4,5,2,6,3,12,0,4,4,15,9,13,63,7,19,2,1,5,8,3,11,7,29,2,2,8,20,18,30,12,1,26,3,3,177,9,4,4,88,3,3,18,29,3,58.5,5,8,5,13.5,5,10,4,5,4,4,9447
"50(1,E2)",Unknown5,5,2,22,24,2,24,11,7,0,7,34,3,4,1,5,2,11,1,2,3,13,7,14,68,6,18,1,1,5,6,2,10,5,29,2,1,7,19,19,30,11,1,24.5,2,2,201,8,2,2.5,88,3,4,16,32,2,66.5,2,6,3,11,4,9,4,3,4,3,10197
"51(1,E3)",Unknown5,3,2,15,15,3,15,7,5,1,4,22,2,3,0,4,1,9,1,3,2,9,6.5,11,37,4,13,1,1,3,4,2,9,3,14.5,1,1,7,12,13,17,7,2,20.5,2,2,133.5,6,2,3,63,2,3,12.5,19,2,39,2,5,3,10,4,7,4,3,3,3,9464
"52(1,E4)",Unknown13,3,12,12,16,5,1,20,5,0,2,1,1,2,1,1,1,4,1,1,1,5,1,9,1,1,2,0,1,1,3,2,2,1,28,1,4,3,2,21,1,1,3,17,2,2,2,3,3,1,10,2,2,6,17,2,2,2,4,3,5,4,5,3,7,5,2,10631
"53(1,E5)",Unknown13,3,13,13,16,5,1,20,6,1,2,0,1,2,1,0.5,1,4,1,1,1,5,2,9,1,1,1,1,1,0,3,1,2,2,31,1,4,4,1,22,2,1,4,21,2,2,2,3,4,2,11,2,2,6,19,2,2,2,4,3,4,4.5,6,3,7,5,3,11132
"54(1,E6)",Unknown13,3,11,10,12,4,1,17,5,1,1,1,1,2,1,1,1,4,1,1,1,5,1.5,8,1,1,1,1,1,1,2,2,2,1,26,1,3,4,2,18,2,1,4,17,2,2,2,3,3.5,2,10,1,1,5,15,2,2,2,4,2,3,4,5,3,6,5,3,10348
"55(1,E7)",Unknown21,3,2,134,43,1,3,103.5,54,1,20,15,2,4,1,1,3,4,1,4,3,9,3,4,5,3,16,1,1,11,5,4.5,3,2,428.5,17,187,1,4,6,4,2,22,9,1,2,7,23,6,2,13,2,2,12,7,19,3,21,21,3,8,2,222.5,4,256,223,3,10193
"56(1,E8)",Unknown21,2,1,125,43,1,4,108,57,1,20,15,2,4,1,1.5,2,4,1,4,4,10,2,3,6,3,15,1,1,11,5,4,3,2,391,16,176,1,4,6,4,1,19,9,1,1,7,22,6,1,12,2,2,11,7,18,3,20,21,3,8,2,208,4,233,209,3,11271
"57(1,E9)",Unknown21,3,2,132,44,1,3,109,54,0,20,15,1,5,2,2,2,4,1,4,4,9,3,3,5,3,15,1,1,11,5,4,3,2,425,16,180,1,4,6,4,2,22,9,1,1,7,22,7,2,12,3,2,11,6,16,3,20,19,3,7,2,217.5,3,230,203,3,12419
"58(1,E10)",Unknown29,1,1,1,1,1,2,13.5,2,1,1,1,1,1,1,1,1,2,1,2,1,2,1,1,1,2,1,1,1,1,1,2,2,1,2,2,1,1,2,2,3,2,2,12,2,2,2,2,2,2,2,2,2,3,4,2,2,3,2,3,6,2,3,4,4,3,3,13014
"59(1,E11)",Unknown29,1,1,1,1,1,2,12.5,1,1,0,1,1,1,1,1,1,2,1,2,1,2,1,1,1,2,1,1,2,1,1,2,2,1,2,2,2,1,2,2,4,2,2,12,2,2,2,2,2,2,2,2,2,3,3,2,2,2,2,3,5,2,2,4,3,3,3,9560
"60(1,E12)",Unknown29,1,1,1,1,0,2.5,11,2,1,1,1,0,1,1,1,1,1,1,1,1,2,2,1,1,2,1,1,1,1,1,2,2,1,2,1,2,1,2,2,3,2,2,13,2,2,2,2,2,2,2,2,2,2,4,2,3,3,2,3,6,2,2,4,3,3,3,10661
"61(1,F1)",Unknown6,3,1,6,6,2,5,4,2,0,3,18.5,2,1,0.5,2,1,4,1,1,1,2,2,5,8,2,6,1,1,2,3,2,5,3,9,1,1,3,5,6,5,3,2,11,1,1,109,4,2,2,19,2,2,3,10.5,2,8,2,2,3,4,4,5,3,3,3,3,10140
"62(1,F2)",Unknown6,2,1,6,6,3,4,4,2,0,2,18,1,1,0,2,1,4,1,1,1,2,2,3,6,2,6,1,1,2,2,2,5,3,8,1,1,2,5,5,5,3,2,11.5,1,1,109,5,2,1.5,21,2,2,3,10,2,7,2,2,3,6,4,5,3,3,2,3,10048
"63(1,F3)",Unknown6,2,1,6,6,2,4,3,2,0,3,18,1,1,1,2,1,4,1,1,1,2,2.5,5,7,2,6,1,1,3,3,2,5,3,9,1,1,2,5.5,5,5,3,1,11,1,1.5,103,4,2,2,20,2,1,3,10,2,8,2,3,3,6,3,5,4,4,3,3,12519
"64(1,F4)",Unknown14,1,4,4,3,1,1,4,2,0,0,1,1,0,1,1,1,2,0,1,0,2,1,3,1,1,1,1,1,1,1,1,1,1,10,1,1,1,1,3,2,1,1,3,1,2,2,2,1.5,1,2,2,2,3,6,2,2,2,2,4,3,3,3,3,4,3,3,12235
"65(1,F5)",Unknown14,2,5,5,3,2,2,5,3,1,1,2,1,2,1,1,3,2,1,2,1,3,3,4,2.5,2,3,2,2,2,2,3,2,1,10,2.5,2,2,2,4,3,2,2,4,2,2,3,2.5,3,2,3,3,3,3,8,2,3,3,3,5,3,3,4,3.5,4,3,3,10897
"66(1,F6)",Unknown14,1,3,3,3,1,1,4,2,0,1,1,1,0,1,0,1,2,1,0,1,2,1,3,1,1,1,1,1,1,1,1,1,1,8,1,1,2,1,3,1,1,2,3,2,2,2,2,2,2,3,2,1,3,6,2,2,2,2,3,3,3,2,3,4,3,3,10475
"67(1,F7)",Unknown22,1,0,25,8,0,1,23,11,1,10,5,3,1,1,1,1,4,1,3,1,2,1,1,2,1,2,1,1,3,2,2,1,2,90.5,3,41,1,2,6,4,1,7,4,1,2,3,12,3,1,4,2,2,3,5,4,2,4,9,3,5,2,44,3,63,56,3,11724
"68(1,F8)",Unknown22,1,1,25,8,1,1,23,12,0,9,4,2,1,1,1,1,3,1,3,2,2,1,2,2,2,2,1,1,3,3,1,1,1,78,3,38.5,1,2,6,3,1,8,4,1.5,2,3,11,3,1,4,2,1,3,4,4,2,4,8.5,3,6,2,43,3,60,55,3,10571
"69(1,F9)",Unknown22,1,0,25,8,1,1,24,11,1,9,4,2,1,1,1,1,3,1,3,1,2,1,2,2,2,2,1,1,3,2,1,2,1,82.5,2.5,41,1,2,5,3,1,8,4,2,1,3.5,12,2.5,2,4,2,1,3,4,4,2,4,8,3,5,2,43.5,3,59.5,55,3,11996
"70(1,F10)",Unknown30,1,1,1,1,1,1,6,1,1,0,1,1,1,0,1,1,2,1,1,1,1,2,1,1,2,1,1,1,1,1,1,1,1,1.5,1,1,1,1,2,2,1,1,6,2,1,2,2,3,2,2,2,2,2,3,2,2,2,3,2,5,2,2,3,3,3,3,10930
"71(1,F11)",Unknown30,1,1,0,0,0.5,1,6,1,1,1,1,1,0,1,1,1,2,1,1,1,1,1,1,1,1,0,1,1,1,1,2,1,1,2,1,1,1,1,2,2,2,2,6,1,2,2,2,2,2,2,1,2,2,2,2,2,2,2,3,4,2,2,3,3,2,3,11092
"72(1,F12)",Unknown30,1,1,1,0,1,1,6,1,1,1,1,1,1,1,1,1,1,1,1,1,1,2,0,1,1,1,1,1,1,1,1,2,1,1,1,2,1,1.5,2,2,1,1,6,2,2,2,2,2,2,2,2,2,2,2,2.5,2,3,2,3,4.5,2,2,4,3,3,3,11343
"73(1,G1)",Unknown7,17,2,2,2,3,3,3,1,1,1,1,11,6,0,1,1,1,1,1,1,6,1,2,1,1,9,1,1,1,1,3,5,4,2,1,6,1,2,5,4,2,1,6,2,2,2,2,1,6,19,2,1,8,4,3,2,2,3,3,5,4,21,3,10,9,3,12373
"74(1,G2)",Unknown7,17,1,2,1,2,3,3,1,1,1,1,12,6,1,1,1,1,1,1,1,6,2,1,1,1,10,1,1,1,0,4,5,4,3,1,5,2,1,6,4,2,1,7,2,3,2,2,1,5.5,20,2,2,7,4,3,3,2,2,3,5,4,21,3,9,9,3,10715
"75(1,G3)",Unknown7,18,3,5,3,3,6,4,1,2,1,2,12,4,3,2,3,3,3,3,0,8,3,4,2,2,10,3,2,2,1,5,7,5,4,3,6,3,3,7.5,5,3,2,6.5,4,4,2,4,3.5,8,21,2,2.5,9,6,4,3,4,3,4,3.5,4,23.5,5,11,10,4,11255
"76(1,G4)",Unknown15,1,2,1,1,2,1,2,1,1,2,6,7,2,0,1,2,6,1,5,6,9,2,3,1,1,1,1,1,11,7,4,3,2,3,3,8,2,2,4,2,1,1,4,2,2,2,4,4,2,7,2,2,13,5,2,3,2,2,3,4,2,3,4.5,11,8,8,12144
"77(1,G5)",Unknown15,1,2,1,1,1,1,1,1,0,2,7,7.5,2,1,1,2,6,1,5,6,11,1,2,1,1,1,1,1,11,7,3,3,2,3,3,8,1,2,3,1,1,1,4,1,2,2,4,3,2,8,2,3,13,5,2,2,2,3,3,4,2,3,5,10,9,9,10574
"78(1,G6)",Unknown15,1,2,1,2,1,1,1,1,1,3,7,7,2,1,1,2,6,1,4,6,10,2,2,1,2,2,1,1,11,7,3,3,2,3,4,7,2,2,3,2,1,1,3,1,2,2,4,4,2,8,2,2,13,5,2,2,2,2,3,4,2,3,4,10,8,8,11659
"79(1,G7)",Unknown23,12,105,66,32,4,61.5,148,38,5.5,74,1,5,66.5,1,16,10,64,6,1,2,51.5,4,12,3,2,80.5,10,1,27,58,15,51,18,157,130,211,10,5,23,79,74.5,3,99,22,25,33.5,103,55,6,101,14,2,54,11,52,2,3,25,5,21,11,28,4,227,186,6,10009
"80(1,G8)",Unknown23,10,97,72,30,3,64,140.5,35,5,82.5,0,5,67.5,1,16,11,55,6,1,1,43,4,8,2,2,85,11,1,27,57.5,13.5,50,18,154,118,187,11,5.5,23,90,70,2,93.5,23,25,29,100,56,6,103,14,2,46.5,9,48,3,3,24,6,20,11,27,4,191,161.5,6,9693
"81(1,G9)",Unknown23,12,109.5,72,30.5,3,64,155,39,5,76,1,5,72,1,17,11,63.5,7,2,2,49,5,13,2,3,88,11,1,27,59,15,54,19,150,136,223,12,5.5,22,84,73,3,103,23,25,33,115,56,6,102,15,2,57,11,58,3,3,27,5,21,10,29,4,222,193,6,10058
"82(1,G10)",Unknown31,11,8,9.5,13,34,9.5,41.5,34,47,87.5,40,41,7,3,3,2,31,3,141,13.5,61,4,4,16,5.5,5,2,3,19,56,48,38,60,9,9,4,3,4,142,9,4,9.5,30,5,6,4,102,5,3,6,3,16,62,29,4.5,12,4,2,5,31,5.5,13,6,7,7,3,10059
"83(1,G11)",Unknown31,11,7,8,14,32,9,38,30,45,87,36,37,7,0,1,1,28,1,138,12,55,4,4,13,4,3,1,2,18,52,46,37,59,8,7,4,2,2,132,8,2,10,28,3,4,2,97,3,2,4,2,16,60,26,3,12,2,3,4.5,40,4,12,4,5,4,2,10853
"84(1,G12)",Unknown31,12,7,10,13,35,9,39,33,46,83.5,39,38,5,1,1,1,29,1,144,14.5,59,3,4,16,4,4,1,1,19,54,49,37,57,8,8,4,2,2,139,10,1,11,29,2,4,2,105,2.5,2,4,2,17,66,27,3,12,2,3,4,28,4,12,3,5,4,3,11363
"85(1,H1)",Unknown8,5,1,1,1,1,1,1,0,1,0.5,1,5,1,0,1,1,1,1,1,1,3,1,1,1,1,2,1,1,1,1,2,2,1,1,1,2,1,2,3,2,1,1,3,1,1,2,1,2,3,8,2,1,3,2,2,3,2,2,3,3,2,7,3,4,4,3,10844
"86(1,H2)",Unknown8,6,1,1,1,1,1,1,0,1,0,1,5,1,1,1,1,1,0,1,1,2,1,1,1,1,2,1,1,0,1,2,2,2,2,1,1.5,1,1,3,2,1,1,3,2,2,2,2,2,2,8,2,2,3,2,2,2,1,1,3,4,3,6,4,4,3,3,9631
"87(1,H3)",Unknown8,5,1,1,1,2,1,2,1,0,0,1,5,1,1,1,1,2,0,1,0,1,2,1,1,1,2,1,1,0,1,2,2,1,2,1,2,0,2,2,2,1,1,2,2,2,2,2,2,3,8,2,2,3,2,2,2,2,2,3.5,4,2,6,3,5,4,3,10509
"88(1,H4)",Unknown16,2,2,1,2,2,1,4,1,1,2,6,4,2,0,1,1,3,1,8,4,6,2,5,1,2,2,1,1,2,1,3,3,2,2,5,7,1,1.5,4,2,1,3,5,2,2,3,4,4,2,6,1,2,8,12,2,2,2,2,3,3,2,3,4,9,9,3,10863
"89(1,H5)",Unknown16,2,2,2,3,1,3,7,2,2,2,7,7,4,3,3,2.5,5.5,3,11,5,7,5,8.5,3,3,4,3,2,5,3,4,4,6,4,7,9,4,3,5,3,3,4.5,8,2,3,5,5,4,4,8,5,3,9,15,4,3,5.5,4,5,3,5,4.5,6,11,10,4,10160
"90(1,H6)",Unknown16,2,2,1,2,1.5,1,5,1,1,2,5,4,2,1,1,2,4,1,9,5,6,1,5,1,2,2,1,1,3,1,4,3,2,2,5,6,2,2,4,2,1,3,5,2,2,2,3,3,2,7,2,2,8,13,2,2,2,2,4,3,2,3,4,8,9,4,10141
"91(1,H7)",Unknown24,3,56,58,11.5,2,44,14,10,2,22,0,2,25,1,8,6,20,1,1,1,10,2,4,2,2,32,2,1,10,22,5,13,6,50,43,97,5,2,6,48,27,2,13,9,7,18,27,18,2,18,7,1.5,11,6,23,4,3,9,3,9,4,9,3,105,84,4,10399
"92(1,H8)",Unknown24,3,57,60,12,1,43,14,9,2,21,0,3,23,1,7,6,20,1,1,2,12,2,3,2,2,32,3,1,10,21,5,13,7,52,46,101,5,2,6,48,24,1,13,9,8,17,27,19,2,18,7,2,13,6,23,3,2,10,4,11,4,8,4,109,85,4,10614
"93(1,H9)",Unknown24,3,55,59,13,1,45,15,10,1,20,1,3,24,1,7,7,20,2,1,0,11,2,4,2,2,31,3,1,10,22,5,13,8,56.5,47,109,5,3,6,48,27,2,13,9,8,18,28.5,18,3,19,8,2,13,6,22,4,2,8,4,10,5,9,3,120,89,3,9910
"94(1,H10)",Unknown32,1,0,0,0,1,0,1,0,1,0,1,1,1,1,1,1,1,1,1,1,1,1,1,1,1,1,1,1,1,1,2,1,1,1,0,1,1,1,1,1,1,0,1,1,2,2,2,1,1,1,1,2,2,2,2,2,1,2,3,9,2,2,3,2,2,3,10629
"95(1,H11)",Unknown32,0,0,1,1,0,1,0,1,1,0,0,1,1,0.5,1,1,1,1,1,0,1,1,0,1,1,0,0,1,1,1,1,1,1,1,1,1,1,1,1,1,1,1,2,2,1,2,2,1,1.5,2,2,1,2,2,2,2,2,2,3,17.5,2,2,3,3,2,3,10226
"96(1,H12)",Unknown32,1,1,1,0,1,1,0,1,0,1,1,1,1,1,1,1,1,1,1,1,0,1,0,1,1,1,1,2,1,1,1.5,1,1,1,1,1,1,1,2,1,1,1,1,1,2,2,2,2,2,1,2,1,2,2,2,3,1,2,2,10,2,2,3,2,2,3,10187
,,,,,,,,,,,,,,,,,,,,,,,,,,,,,,,,,,,,,,,,,,,,,,,,,,,,,,,,,,,,,,,,,,,,
DataType:,Count,,,,,,,,,,,,,,,,,,,,,,,,,,,,,,,,,,,,,,,,,,,,,,,,,,,,,,,,,,,,,,,,,,,
Location,Sample,Analyte 5,Analyte 7,Analyte 8,Analyte 10,Analyte 12,Analyte 14,Analyte 15,Analyte 16,Analyte 18,Analyte 19,Analyte 21,Analyte 22,Analyte 23,Analyte 25,Analyte 27,Analyte 28,Analyte 29,Analyte 32,Analyte 33,Analyte 34,Analyte 36,Analyte 37,Analyte 38,Analyte 40,Analyte 41,Analyte 42,Analyte 44,Analyte 45,Analyte 46,Analyte 48,Analyte 49,Analyte 50,Analyte 52,Analyte 53,Analyte 54,Analyte 56,Analyte 58,Analyte 60,Analyte 61,Analyte 62,Analyte 64,Analyte 65,Analyte 66,Analyte 68,Analyte 69,Analyte 70,Analyte 72,Analyte 73,Analyte 74,Analyte 75,Analyte 76,Analyte 78,Analyte 79,Analyte 80,Analyte 81,Analyte 83,Analyte 84,Analyte 85,Analyte 86,Analyte 88,Analyte 89,Analyte 90,Analyte 92,Analyte 93,Analyte 94,Analyte 95,Total Events
"1(1,A1)",Unknown1,145,180,195,160,131,165,137,167,133,177,188,163,151,165,164,163,175,172,166,121,167,143,106,124,166,149,164,161,178,199,159,137,159,167,159,151,140,203,116,203,186,128,114,152,171,174,156,122,182,180,161,130,171,193,202,195,110,175,100,125,193,173,147,150,172,189,10520
"2(1,A2)",Unknown1,171,212,201,140,127,184,140,204,189,186,204,181,178,237,222,199,224,210,228,139,188,198,130,161,227,198,202,180,200,168,181,190,193,168,209,212,183,240,137,231,192,140,147,143,192,210,170,183,201,195,186,198,214,253,201,221,106,172,100,127,225,229,188,184,214,210,12373
"3(1,A3)",Unknown1,164,214,184,171,137,197,183,203,161,189,219,178,180,198,231,179,229,201,203,130,229,207,134,160,225,196,236,131,183,171,213,203,186,175,201,178,169,212,159,208,244,129,145,169,180,214,165,166,187,210,199,172,199,226,197,239,109,186,100,114,214,219,219,216,224,187,12356
"4(1,A4)",Unknown9,140,211,162,144,140,140,116,177,148,152,166,179,129,158,152,199,189,179,175,107,158,151,116,115,207,142,193,115,153,140,150,150,152,163,211,158,122,170,126,178,192,110,144,142,161,161,143,137,186,155,184,162,186,180,178,193,108,169,100,117,197,235,155,174,185,161,10448
"5(1,A5)",Unknown9,161,206,166,148,153,168,150,198,124,184,166,169,160,183,180,188,166,165,194,149,181,192,121,156,209,168,186,145,159,150,152,165,171,184,171,191,160,184,115,190,213,110,121,145,175,176,131,170,182,155,181,159,200,205,188,202,108,179,100,114,186,169,181,184,206,203,11071
"6(1,A6)",Unknown9,178,241,193,199,163,222,187,223,183,220,222,226,239,226,249,235,257,206,257,136,195,199,146,194,217,182,255,162,213,197,176,174,200,202,199,218,197,246,179,261,226,153,176,189,206,216,202,151,240,229,235,196,221,248,208,277,158,210,100,131,246,237,210,234,240,218,13631
"7(1,A7)",Unknown17,165,188,200,167,111,170,137,177,153,176,172,165,160,201,175,172,183,191,208,113,174,168,110,161,205,170,209,149,169,171,158,151,157,172,160,177,138,183,151,208,202,123,122,159,164,175,183,150,211,217,155,184,185,178,187,246,106,166,101,100,201,225,169,165,194,197,11190
"8(1,A8)",Unknown17,133,176,157,140,128,157,130,196,127,167,163,171,122,189,172,179,174,165,215,136,173,142,123,123,201,150,200,151,168,162,151,158,132,160,177,154,136,186,117,195,181,120,118,146,149,182,179,133,140,196,166,165,158,174,181,203,100,151,100,114,212,226,169,164,205,185,10573
"9(1,A9)",Unknown17,142,199,175,162,116,160,134,172,144,176,182,167,149,210,220,183,146,174,191,113,178,174,100,146,205,149,191,141,161,173,177,173,162,167,179,192,147,197,134,168,176,109,132,141,163,224,171,142,188,208,181,121,171,175,178,238,114,171,113,125,188,215,131,174,208,236,11022
"10(1,A10)",Unknown25,158,181,161,168,133,186,144,207,167,179,194,191,155,205,194,206,229,194,214,117,191,179,104,166,249,170,207,146,198,179,178,167,144,191,218,197,166,227,153,249,172,141,141,159,181,201,155,147,202,211,183,192,203,201,193,228,130,192,100,132,203,256,178,210,207,191,11971
"11(1,A11)",Unknown25,163,189,159,154,131,161,138,197,140,157,157,160,155,176,203,184,173,149,194,130,189,164,123,129,197,141,185,157,188,187,162,174,166,175,185,182,135,191,170,155,200,124,128,129,195,178,171,168,202,188,190,135,180,180,213,205,100,165,108,107,189,221,143,174,190,186,10994
"12(1,A12)",Unknown25,111,179,174,126,126,155,111,165,130,163,173,167,145,178,174,190,170,160,165,125,153,167,100,135,177,144,172,131,135,145,127,127,143,169,155,157,145,209,122,168,159,115,116,138,172,161,152,168,159,173,151,126,167,166,158,202,100,171,100,131,177,210,148,176,185,169,10118
"13(1,B1)",Unknown2,150,173,168,195,133,164,121,182,150,188,174,167,155,199,183,168,154,157,174,121,163,152,119,142,182,153,181,151,160,179,169,154,163,165,181,200,130,189,150,206,193,113,148,122,193,174,159,152,172,197,185,158,176,187,206,200,108,203,100,120,176,228,156,164,156,200,10911
"14(1,B2)",Unknown2,164,184,139,151,131,140,134,175,161,174,166,170,151,187,204,183,169,190,171,139,144,168,111,144,187,158,170,132,162,155,147,180,135,196,173,153,132,186,143,202,173,103,150,140,179,197,140,166,172,171,192,162,172,203,168,201,110,195,100,111,173,199,146,159,194,177,10714
"15(1,B3)",Unknown2,163,191,168,158,111,172,132,167,146,160,206,176,187,202,180,175,197,176,180,124,197,155,121,130,237,131,175,121,167,153,165,163,141,182,184,171,131,203,121,211,170,105,121,150,154,189,148,135,184,184,163,150,169,208,160,222,117,178,100,119,193,207,158,174,199,189,10876
"16(1,B4)",Unknown10,156,175,163,164,127,172,145,181,138,191,184,164,149,182,205,173,184,168,223,123,176,194,116,137,199,154,195,123,182,165,149,163,158,175,171,178,140,205,142,219,175,136,134,133,193,180,145,140,175,185,200,193,154,197,196,223,112,183,100,128,202,219,177,181,205,172,11146
"17(1,B5)",Unknown10,127,182,143,166,116,158,150,180,149,153,153,153,155,191,211,175,168,173,197,101,157,180,122,151,158,139,160,128,175,190,147,152,158,205,191,175,123,200,141,198,158,122,136,129,164,191,167,156,158,191,145,169,154,227,188,207,101,185,100,106,190,218,137,183,185,176,10694
"18(1,B6)",Unknown10,144,168,179,177,132,176,151,181,160,189,187,181,157,178,183,207,221,199,218,127,195,175,113,162,198,156,194,140,200,170,174,177,168,177,172,190,157,191,143,193,208,128,144,149,196,174,157,168,190,192,178,155,168,191,207,205,109,206,100,131,210,205,181,196,172,216,11496
"19(1,B7)",Unknown18,160,204,155,171,144,190,145,182,145,159,184,154,153,227,188,194,193,175,207,136,193,174,107,159,244,140,193,129,161,180,179,172,152,177,186,180,143,235,159,228,178,125,131,163,174,182,167,181,190,186,171,162,171,180,196,228,106,171,100,112,207,197,135,190,192,181,11333
"20(1,B8)",Unknown18,140,177,186,143,135,162,140,163,142,170,169,153,142,197,197,172,193,167,205,121,151,151,127,145,203,161,169,117,169,166,143,165,150,170,175,153,161,197,135,177,181,117,122,153,166,162,150,141,165,157,153,146,172,168,172,249,130,164,100,127,177,222,147,175,183,180,10638
"21(1,B9)",Unknown18,175,183,159,145,122,154,128,169,144,164,204,169,168,186,209,176,191,154,187,138,182,137,101,122,212,160,162,116,173,152,144,164,147,190,165,171,156,208,148,213,153,112,145,124,186,158,134,152,167,189,166,147,173,184,198,213,101,173,100,101,181,199,152,180,178,162,10676
"22(1,B10)",Unknown26,122,162,168,165,131,148,128,162,118,158,155,153,144,185,174,183,163,168,172,129,136,163,100,130,171,150,197,141,153,174,130,169,149,136,160,174,161,174,144,180,163,108,135,128,163,154,128,122,145,172,141,165,158,164,176,233,108,161,105,118,179,204,152,164,172,175,10173
"23(1,B11)",Unknown26,129,202,147,157,125,145,137,178,121,159,158,167,170,186,155,182,192,160,193,125,174,159,116,111,186,168,184,134,165,160,153,146,167,169,197,169,126,192,132,193,187,112,136,147,153,169,143,148,166,171,185,164,158,195,203,212,113,154,100,126,172,166,148,145,195,171,10528
"24(1,B12)",Unknown26,140,203,176,140,156,184,118,187,140,168,207,174,146,178,205,172,192,170,196,147,170,168,109,145,189,143,170,125,177,176,152,155,151,175,179,155,160,205,132,198,193,104,140,135,171,187,128,152,187,202,181,165,165,204,165,214,120,180,100,142,207,223,155,172,203,170,10998
"25(1,C1)",Unknown3,143,174,175,154,142,168,146,184,126,206,194,161,168,199,211,189,177,175,207,150,172,158,106,143,193,157,177,166,179,179,142,170,166,180,183,157,147,192,129,212,173,124,119,154,173,204,165,160,158,181,148,165,185,202,173,207,100,183,100,132,213,220,163,171,182,195,11107
"26(1,C2)",Unknown3,146,190,188,163,150,205,139,163,144,196,187,161,141,196,221,198,179,172,197,147,184,162,125,134,204,170,182,141,219,162,175,172,186,181,198,192,153,187,141,205,200,141,142,139,172,152,149,151,167,172,188,145,176,199,186,207,125,207,100,131,223,220,166,172,168,178,11332
"27(1,C3)",Unknown3,170,200,177,174,178,201,149,206,145,195,198,191,167,236,251,204,223,219,235,154,201,209,141,154,238,202,205,161,215,209,172,202,172,207,230,214,172,277,157,243,232,145,152,184,207,213,189,184,233,214,199,176,229,225,244,274,121,207,100,150,240,260,191,203,228,206,13060
"28(1,C4)",Unknown11,144,202,197,190,134,167,136,190,160,198,165,166,160,210,182,194,174,187,198,126,174,174,139,113,197,180,188,152,188,169,159,156,158,174,187,177,126,197,129,196,177,129,147,138,195,189,146,159,178,165,188,162,175,198,218,216,100,187,110,128,189,199,153,168,192,201,11220
"29(1,C5)",Unknown11,173,209,220,176,133,208,154,204,188,221,228,202,224,236,230,233,216,211,228,184,211,204,142,165,252,187,263,182,234,203,189,216,191,208,223,233,162,241,163,237,228,140,157,185,208,202,191,160,223,219,205,216,201,215,196,278,133,195,94,141,221,268,200,192,218,211,13281
"30(1,C6)",Unknown11,164,195,156,146,147,140,143,181,144,172,198,147,143,175,197,189,193,170,182,109,189,167,129,149,176,169,198,115,164,163,145,158,153,163,203,177,143,178,153,156,174,125,101,160,180,197,154,146,177,193,155,182,157,175,164,211,100,194,100,101,237,217,144,179,212,175,10849
"31(1,C7)",Unknown19,139,183,173,167,160,160,125,174,142,179,179,179,140,173,207,188,174,184,188,153,161,163,111,116,196,156,181,157,181,173,142,158,136,184,193,162,129,202,110,196,197,111,134,142,189,184,176,173,177,163,160,129,155,165,159,236,114,191,100,100,209,207,129,185,191,183,10833
"32(1,C8)",Unknown19,133,195,172,186,134,166,127,181,143,176,186,177,168,181,180,170,155,190,188,125,174,198,105,144,196,161,172,157,176,172,159,175,161,161,178,190,146,221,149,175,167,112,140,139,172,169,162,151,177,164,179,152,162,196,200,216,117,202,88,112,192,202,159,159,195,199,10986
"33(1,C9)",Unknown19,130,180,153,139,130,141,122,180,136,182,176,151,147,170,194,162,165,183,172,128,147,134,115,100,183,156,171,130,165,139,156,152,146,173,163,152,119,198,128,153,149,104,114,127,143,138,136,118,155,160,148,141,174,184,180,195,101,175,101,105,163,210,142,166,161,159,9970
"34(1,C10)",Unknown27,157,204,232,199,157,166,141,198,172,220,186,213,205,211,246,189,224,198,224,141,196,215,130,157,219,189,219,156,233,196,199,182,168,196,214,184,172,216,161,216,222,128,144,162,225,196,186,177,211,224,195,191,195,203,228,256,120,215,100,126,207,245,178,183,225,215,12658
"35(1,C11)",Unknown27,142,189,167,152,114,151,106,160,140,171,173,162,152,203,174,175,151,174,159,125,167,163,107,136,180,140,171,160,171,151,147,145,172,152,154,156,136,188,142,183,185,132,138,154,168,155,147,151,144,180,184,130,175,175,161,192,100,167,100,122,182,184,138,138,199,176,10338
"36(1,C12)",Unknown27,156,207,192,228,149,189,172,176,155,214,198,202,195,193,211,215,180,186,199,154,185,176,124,128,208,187,187,157,197,195,164,197,190,214,186,209,158,194,167,218,216,140,146,184,195,183,174,170,187,188,180,187,190,221,187,260,124,175,94,125,218,272,185,181,227,187,12208
"37(1,D1)",Unknown4,146,196,155,179,116,150,114,172,145,175,158,168,144,215,224,201,164,181,171,114,182,178,100,129,182,181,169,128,177,158,155,185,147,184,138,177,155,185,159,167,154,106,139,143,162,195,156,132,153,176,168,157,182,191,189,226,111,172,121,129,191,222,153,163,159,187,10761
"38(1,D2)",Unknown4,150,181,136,119,142,151,127,159,116,177,147,148,129,184,155,199,164,150,188,101,173,133,112,132,180,142,158,126,171,148,145,165,159,179,168,146,151,173,134,167,162,115,121,136,155,157,137,120,192,154,159,141,172,159,168,181,115,160,100,128,176,166,126,146,164,151,9946
"39(1,D3)",Unknown4,153,215,169,154,139,168,143,192,131,175,219,162,154,203,219,196,180,167,190,128,149,143,107,145,195,159,182,133,187,151,153,171,159,197,192,183,134,194,148,185,182,108,137,164,188,194,177,146,186,192,172,168,177,202,205,231,114,190,100,144,202,256,144,182,208,196,11289
"40(1,D4)",Unknown12,160,197,159,169,141,160,124,185,147,180,177,174,159,194,206,201,175,205,207,124,175,165,103,124,227,161,199,125,174,190,169,190,169,163,211,194,181,197,141,180,181,120,139,156,189,188,176,151,146,177,201,145,190,184,208,217,115,186,100,135,227,237,158,164,175,185,11332
"41(1,D5)",Unknown12,137,165,172,133,134,155,125,146,136,143,162,157,130,153,223,173,169,151,154,116,169,170,100,127,168,159,188,120,160,139,135,150,157,150,146,156,141,170,123,162,174,124,129,123,174,143,130,127,174,129,160,145,180,179,167,200,110,166,113,129,177,197,152,166,150,172,10014
"42(1,D6)",Unknown12,166,215,196,173,147,209,143,204,147,189,199,215,180,220,204,217,211,208,233,148,183,211,130,142,248,188,195,159,220,201,191,194,177,203,213,201,158,229,139,209,213,123,147,169,191,231,174,168,211,209,201,204,218,206,191,236,100,192,107,125,219,235,170,208,200,233,12496
"43(1,D7)",Unknown20,157,167,163,165,139,173,115,163,126,171,172,193,155,184,205,166,199,148,178,116,180,185,117,131,220,154,176,153,190,171,160,171,167,171,157,177,146,202,165,186,184,148,131,152,173,176,183,131,192,166,170,160,176,198,193,213,100,174,104,117,188,221,153,144,186,183,10950
"44(1,D8)",Unknown20,126,184,170,164,137,163,130,189,131,186,184,154,143,141,175,202,163,172,216,119,182,169,131,140,189,161,171,150,179,170,146,159,177,180,175,174,157,175,129,182,144,102,118,146,194,180,169,165,162,179,176,141,198,192,212,227,105,192,100,117,219,230,158,174,188,183,10916
"45(1,D9)",Unknown20,129,154,154,139,100,120,112,147,111,153,154,169,136,178,159,156,149,167,163,106,135,137,106,125,193,139,153,133,148,138,129,165,131,142,161,154,146,161,142,183,182,110,116,144,162,166,165,144,135,167,172,124,151,189,168,182,100,170,102,116,161,199,146,138,167,150,9703
"46(1,D10)",Unknown28,127,170,172,178,136,146,144,163,140,199,176,202,170,188,200,175,214,182,188,131,174,162,101,100,207,180,193,160,179,159,161,169,162,159,177,171,146,187,140,196,172,105,123,141,170,190,159,173,202,177,178,128,161,194,189,233,109,170,101,123,176,224,181,153,185,199,11000
"47(1,D11)",Unknown28,151,189,165,142,157,184,125,165,137,186,192,197,173,207,206,180,192,172,179,120,184,174,132,133,186,137,179,163,159,191,156,172,164,148,154,167,162,195,149,188,187,128,111,154,169,194,156,133,168,176,196,128,163,200,192,224,112,204,100,144,174,242,130,152,187,211,11047
"48(1,D12)",Unknown28,162,210,132,149,159,160,136,195,180,185,210,174,138,197,172,202,164,186,224,117,181,186,100,153,212,173,197,139,191,169,174,165,169,182,178,189,146,212,178,193,210,131,151,153,159,186,178,166,181,203,182,170,178,182,197,209,120,169,119,144,204,240,169,182,214,195,11531
"49(1,E1)",Unknown5,120,146,119,111,119,144,109,155,131,155,153,140,129,170,166,162,155,124,170,114,148,153,106,122,141,112,171,134,132,133,141,147,121,153,142,159,137,173,133,169,189,107,128,121,155,136,135,128,142,185,153,167,143,169,143,198,104,139,130,100,179,202,137,134,136,168,9447
"50(1,E2)",Unknown5,129,165,163,151,126,151,110,161,140,153,163,148,139,187,184,200,145,157,191,114,150,167,103,108,185,121,161,148,154,168,138,170,147,137,153,160,144,182,127,179,171,117,120,155,162,175,159,142,164,160,161,153,148,187,159,220,100,173,112,127,184,225,137,150,165,192,10197
"51(1,E3)",Unknown5,120,166,152,127,127,122,107,145,118,162,147,155,129,158,191,155,162,168,141,101,145,152,105,130,183,160,140,121,159,140,134,137,166,158,158,134,145,180,117,184,156,112,102,122,160,146,140,114,133,145,159,105,152,156,158,221,100,159,100,104,175,177,138,145,145,139,9464
"52(1,E4)",Unknown13,134,186,184,155,136,154,135,145,138,172,194,180,144,180,198,188,190,185,190,117,150,168,114,131,203,148,180,121,168,172,151,156,144,157,177,179,145,189,126,179,186,116,139,147,158,169,144,154,157,175,160,154,165,177,192,203,100,189,105,117,173,197,166,156,185,184,10631
"53(1,E5)",Unknown13,151,188,175,166,144,164,129,158,174,145,173,179,155,195,208,203,157,164,204,124,150,185,114,135,214,162,179,138,190,171,163,169,167,190,158,162,146,201,157,221,185,117,140,152,165,177,149,134,161,187,183,187,170,185,188,227,100,201,122,126,218,233,136,170,181,210,11132
"54(1,E6)",Unknown13,125,174,153,183,128,130,127,153,136,162,168,142,149,181,200,187,146,150,178,130,157,164,144,134,182,151,155,140,156,161,121,155,138,154,164,162,146,180,137,169,162,113,121,148,174,187,156,146,164,187,178,146,190,183,177,212,101,181,100,115,186,186,153,162,172,176,10348
"55(1,E7)",Unknown21,126,166,142,174,145,160,100,159,137,161,136,164,156,191,191,160,154,179,169,105,147,145,119,127,207,151,186,136,174,143,150,140,131,132,174,153,149,178,123,184,172,139,136,168,149,161,139,111,161,160,192,148,164,178,158,215,123,161,113,114,197,190,142,146,162,170,10193
"56(1,E8)",Unknown21,144,210,182,163,142,172,134,151,143,182,193,183,127,179,212,209,176,192,204,139,166,186,100,159,228,158,208,146,165,173,159,150,150,198,183,183,133,163,150,226,174,123,130,169,160,181,168,155,191,201,144,139,161,175,172,253,115,180,143,117,219,231,144,185,225,195,11271
"57(1,E9)",Unknown21,189,202,189,181,134,191,161,205,177,191,218,204,163,216,228,210,215,201,200,146,176,192,145,154,235,184,195,144,179,167,178,153,166,200,186,198,152,228,173,240,223,129,170,196,220,204,178,173,196,214,180,187,181,204,205,225,100,209,119,150,238,240,178,209,211,214,12419
"58(1,E10)",Unknown29,166,199,230,187,164,193,130,216,167,201,188,200,174,215,258,225,175,234,227,156,178,209,140,152,245,187,188,167,210,213,190,182,204,212,216,209,182,253,158,215,248,140,163,183,214,208,188,163,187,196,228,203,224,215,240,261,129,217,100,158,224,267,170,203,235,235,13014
"59(1,E11)",Unknown29,114,155,153,127,120,148,106,160,118,171,161,158,129,169,166,183,139,163,152,107,165,196,111,119,179,137,164,148,166,159,151,136,158,125,157,134,142,171,128,152,165,100,115,121,140,155,139,144,143,138,168,128,126,139,149,184,100,143,106,102,175,188,119,147,164,165,9560
"60(1,E12)",Unknown29,156,171,162,134,115,150,131,156,139,158,174,181,182,175,187,210,162,156,179,150,178,177,116,129,199,139,165,129,186,158,151,166,155,197,167,155,149,186,146,226,171,105,147,142,171,176,150,150,157,169,175,135,149,190,189,193,100,164,121,136,196,203,168,149,184,169,10661
"61(1,F1)",Unknown6,134,172,153,149,118,161,132,173,124,159,174,178,135,204,154,171,166,190,178,100,152,149,106,138,193,131,157,120,134,125,165,166,150,160,176,173,151,154,137,164,160,109,136,128,160,167,152,133,164,178,171,176,147,170,135,198,111,156,125,107,190,208,162,159,177,135,10140
"62(1,F2)",Unknown6,130,159,161,167,121,160,117,154,136,144,171,164,135,169,177,181,150,162,191,105,145,156,100,134,179,142,166,129,150,137,137,150,132,154,154,165,156,202,144,181,177,124,116,151,156,167,146,153,138,159,156,136,141,182,182,207,107,156,113,121,171,211,140,149,176,146,10048
"63(1,F3)",Unknown6,168,215,197,153,147,180,149,210,163,197,234,221,160,214,196,215,201,205,219,123,175,188,127,175,230,169,207,140,216,166,192,200,216,195,193,194,147,238,172,225,226,148,165,169,192,210,174,190,193,225,190,177,209,226,190,269,127,224,100,150,222,257,180,176,204,194,12519
"64(1,F4)",Unknown14,170,184,181,198,141,182,149,206,157,208,217,160,171,217,238,240,202,203,208,158,184,174,133,145,209,167,203,168,214,195,198,189,188,202,201,188,143,175,178,215,197,128,133,145,206,209,189,166,164,211,202,174,203,206,170,223,100,223,121,124,248,268,165,187,193,221,12235
"65(1,F5)",Unknown14,150,175,178,139,152,164,156,175,162,163,188,166,161,177,179,193,192,161,184,119,178,173,123,132,186,138,187,149,159,147,172,179,151,185,188,184,140,191,149,178,181,100,151,139,193,180,154,140,163,192,170,134,171,186,178,210,104,167,105,129,201,250,160,167,166,183,10897
"66(1,F6)",Unknown14,128,147,166,153,130,158,116,158,138,161,163,193,152,199,199,197,150,175,163,123,157,159,102,123,162,151,177,147,176,144,135,159,149,157,179,170,128,182,138,192,191,111,129,157,159,187,151,161,171,177,188,155,157,183,162,210,114,167,100,130,201,198,140,149,191,180,10475
"67(1,F7)",Unknown22,141,189,180,162,141,174,146,173,141,185,192,189,167,200,216,206,227,180,231,131,178,181,130,154,230,159,213,146,192,173,146,186,171,202,188,197,158,214,155,200,175,147,127,168,191,192,171,158,179,206,210,146,194,197,188,275,131,182,100,134,204,198,151,169,190,197,11724
"68(1,F8)",Unknown22,135,191,181,144,123,149,113,185,144,163,181,157,145,206,192,179,172,184,191,128,158,166,122,134,198,157,180,151,183,145,152,145,175,166,158,156,141,199,154,146,168,117,134,144,193,156,138,151,163,164,170,158,157,165,165,201,106,184,100,121,177,206,145,185,163,191,10571
"69(1,F9)",Unknown22,157,220,213,212,159,167,127,184,137,194,201,191,169,215,223,222,200,207,236,150,169,182,127,148,216,188,195,150,219,160,177,160,179,206,212,187,162,202,139,203,203,111,153,175,182,186,190,150,174,188,170,184,181,209,220,263,100,209,137,123,199,216,165,146,190,207,11996
"70(1,F10)",Unknown30,141,169,180,163,133,157,126,170,153,165,183,152,139,196,194,173,189,189,203,136,161,162,123,120,180,178,197,168,177,142,172,167,157,172,160,160,152,226,137,189,160,120,132,141,190,194,154,151,178,160,172,154,173,187,181,199,117,193,100,115,184,242,163,167,206,186,10930
"71(1,F11)",Unknown30,149,186,185,185,144,171,145,179,152,178,177,196,157,213,189,186,170,191,182,131,175,157,123,138,189,150,191,123,173,159,160,171,181,203,186,163,153,189,150,213,194,109,143,136,165,213,161,142,187,181,163,151,146,185,201,207,100,197,110,121,211,215,125,181,173,162,11092
"72(1,F12)",Unknown30,145,171,166,195,137,171,130,184,150,155,206,182,151,211,225,200,177,182,199,157,170,168,125,124,235,174,191,144,172,167,155,173,150,156,165,189,148,198,142,230,190,128,125,151,193,170,179,139,171,179,172,168,173,196,202,220,100,187,112,140,213,234,148,188,218,177,11343
"73(1,G1)",Unknown7,183,228,182,165,136,191,147,166,163,194,217,200,153,222,201,220,206,202,227,120,187,203,100,139,217,160,221,138,205,154,191,210,167,182,218,217,156,242,183,222,186,135,155,177,178,214,208,151,191,207,190,197,209,210,183,259,127,199,119,137,233,263,176,203,212,219,12373
"74(1,G2)",Unknown7,130,164,176,116,147,168,125,190,125,174,184,174,142,195,181,189,172,188,172,116,150,173,111,146,216,152,165,152,164,172,166,158,161,156,165,165,151,175,125,183,162,133,141,147,175,182,166,143,158,195,174,172,158,183,188,217,112,154,100,123,191,207,148,176,191,185,10715
"75(1,G3)",Unknown7,169,197,161,177,146,152,100,161,143,146,161,206,169,181,208,222,184,194,176,131,172,160,119,141,214,169,175,147,185,150,166,183,160,184,190,165,165,222,168,187,172,131,136,139,165,177,171,178,180,223,181,172,175,206,196,221,105,152,137,136,208,222,155,155,178,178,11255
"76(1,G4)",Unknown15,173,200,192,185,161,210,160,183,143,184,195,205,180,198,201,234,214,203,192,135,180,196,129,157,204,166,215,176,157,185,163,210,198,182,191,223,178,238,157,231,195,135,153,166,163,206,182,143,170,187,203,170,184,192,200,232,125,175,100,144,213,282,148,181,207,204,12144
"77(1,G5)",Unknown15,152,163,145,148,137,159,137,177,147,170,170,178,127,151,183,188,156,180,203,129,159,162,107,128,199,170,185,159,170,148,159,153,136,172,164,168,146,194,163,186,186,103,143,134,189,149,150,130,162,166,155,142,175,200,152,225,100,189,112,121,198,222,170,142,176,155,10574
"78(1,G6)",Unknown15,161,206,186,147,155,155,153,189,155,203,177,208,159,195,218,195,175,191,226,141,172,179,113,140,207,137,222,176,186,150,197,172,179,203,184,184,155,204,160,210,185,124,145,149,199,180,181,160,182,208,170,165,203,202,193,203,122,165,100,136,206,235,165,188,167,201,11659
"79(1,G7)",Unknown23,145,159,138,133,117,150,119,150,128,154,150,169,136,163,157,175,147,172,166,107,136,160,100,127,208,150,185,145,151,120,143,147,161,164,155,166,132,184,165,175,170,100,122,137,155,174,135,134,157,173,180,159,143,160,187,201,110,149,103,104,196,187,142,163,195,164,10009
"80(1,G8)",Unknown23,127,185,140,162,133,136,120,150,128,154,136,132,122,168,158,183,159,155,152,123,146,133,100,117,171,138,157,138,136,130,144,130,134,143,139,162,139,172,136,166,160,106,136,170,146,156,143,124,157,169,158,152,154,165,147,199,107,154,104,125,183,214,138,153,146,173,9693
"81(1,G9)",Unknown23,136,186,174,134,148,148,118,157,136,156,162,165,133,177,162,169,178,174,167,116,148,141,100,123,187,140,159,126,151,105,144,133,142,156,147,171,132,190,149,172,167,127,131,153,160,173,140,128,146,175,161,143,160,167,154,209,100,161,113,144,175,211,152,159,191,146,10058
"82(1,G10)",Unknown31,126,159,164,142,115,142,106,168,137,146,172,168,154,186,182,166,173,134,179,122,160,158,103,126,166,129,164,126,168,132,143,145,139,152,158,169,131,188,147,188,176,100,128,133,155,185,131,130,146,185,153,150,190,161,146,201,115,167,103,125,186,225,155,145,160,175,10059
"83(1,G11)",Unknown31,142,176,158,167,135,167,136,163,115,151,163,180,147,196,218,192,168,169,179,125,165,195,103,119,206,172,183,139,163,142,158,174,157,152,186,165,150,214,149,188,190,129,140,132,157,193,159,159,166,183,180,181,175,201,175,227,112,149,100,118,201,217,147,186,191,158,10853
"84(1,G12)",Unknown31,142,196,164,148,125,170,162,161,146,182,155,187,159,225,218,190,183,186,193,144,191,156,100,140,227,152,199,139,191,161,156,184,179,211,169,174,141,188,156,210,180,115,141,160,160,174,159,166,184,187,200,161,181,177,184,246,120,208,119,144,221,198,141,177,212,188,11363
"85(1,H1)",Unknown8,153,164,166,148,156,160,139,168,142,194,167,177,147,171,190,179,178,165,210,109,164,150,109,148,201,141,145,139,169,159,173,177,149,151,150,173,166,199,121,201,196,143,141,166,170,156,156,151,178,215,186,161,188,200,178,214,100,149,126,133,192,204,143,167,190,173,10844
"86(1,H2)",Unknown8,151,158,140,130,124,139,116,137,134,142,145,175,137,178,163,174,146,149,176,114,143,131,100,135,179,128,168,126,153,129,136,162,138,144,152,146,152,155,127,177,137,100,126,138,171,163,155,130,158,158,165,163,162,176,163,172,113,141,104,113,174,192,126,136,144,142,9631
"87(1,H3)",Unknown8,135,175,176,136,152,180,114,158,129,161,180,184,170,151,188,190,156,192,182,125,149,165,100,123,168,166,180,139,165,161,155,145,137,149,164,164,138,185,128,185,169,117,137,167,175,190,157,112,174,163,171,157,158,197,156,188,109,149,124,139,181,230,167,169,178,175,10509
"88(1,H4)",Unknown16,155,166,162,153,142,168,146,175,138,173,171,183,151,192,188,192,168,216,201,127,153,189,104,135,171,155,165,140,184,139,156,185,157,149,155,180,175,190,152,184,173,122,127,130,170,182,171,139,175,184,166,149,178,191,191,218,105,165,100,139,205,228,136,163,194,177,10863
"89(1,H5)",Unknown16,161,154,174,140,120,146,132,134,146,176,185,149,144,159,180,176,154,173,182,121,146,156,112,134,196,147,178,129,169,155,135,180,120,145,157,140,165,178,144,174,169,106,123,125,163,181,159,138,157,153,158,136,151,182,162,211,112,158,100,103,179,204,147,153,181,183,10160
"90(1,H6)",Unknown16,139,155,156,141,124,162,125,151,132,171,168,194,139,170,184,182,173,169,187,109,174,174,100,115,186,137,162,140,141,130,135,143,176,177,163,141,123,195,130,172,141,112,120,145,148,188,142,135,142,157,178,163,158,168,172,202,110,156,100,126,171,223,149,138,187,165,10141
"91(1,H7)",Unknown24,161,153,175,156,131,135,142,152,152,161,180,168,154,170,193,189,169,177,178,120,147,156,115,123,181,138,187,128,148,143,142,171,151,158,177,164,138,190,141,184,176,104,125,121,183,175,134,159,134,168,173,142,174,176,163,229,116,200,102,100,202,211,146,159,158,171,10399
"92(1,H8)",Unknown24,148,175,152,160,159,133,155,146,147,173,174,175,163,157,188,209,170,157,187,111,158,162,103,136,192,141,182,166,174,151,153,182,157,163,175,190,152,161,139,191,174,106,137,128,163,144,173,143,190,188,174,148,165,167,172,212,82,168,109,144,189,205,162,165,177,162,10614
"93(1,H9)",Unknown24,126,149,165,150,136,132,129,157,134,162,144,154,150,182,171,167,159,189,157,109,145,155,100,139,184,129,166,124,159,141,132,166,157,150,165,170,160,160,123,185,173,117,144,132,163,149,142,133,134,182,166,142,143,147,161,164,104,178,114,118,161,205,145,149,141,171,9910
"94(1,H10)",Unknown32,118,165,158,158,148,141,134,164,132,158,157,162,158,205,205,190,176,170,196,113,160,189,121,121,179,159,176,120,208,171,181,161,186,141,156,156,146,157,140,184,166,106,146,141,173,161,154,125,178,191,181,174,163,180,197,240,100,182,101,140,189,193,135,136,178,179,10629
"95(1,H11)",Unknown32,123,165,157,180,130,147,107,155,133,151,170,180,131,166,202,178,161,180,178,110,148,173,90,135,167,166,200,129,173,155,127,144,155,179,165,164,133,183,121,166,183,111,127,131,147,181,144,153,166,168,161,142,170,189,145,226,106,189,90,114,186,199,158,165,137,161,10226
"96(1,H12)",Unknown32,138,193,165,148,108,164,142,138,123,161,174,170,143,198,183,162,162,166,190,121,174,141,107,130,182,133,164,143,164,157,146,173,139,143,144,197,147,189,132,187,178,112,126,134,173,157,149,125,155,175,141,130,154,176,161,206,105,137,100,133,188,184,147,162,157,181,10187
,,,,,,,,,,,,,,,,,,,,,,,,,,,,,,,,,,,,,,,,,,,,,,,,,,,,,,,,,,,,,,,,,,,,
DataType:,Avg Net MFI,,,,,,,,,,,,,,,,,,,,,,,,,,,,,,,,,,,,,,,,,,,,,,,,,,,,,,,,,,,,,,,,,,,
Sample,Analyte 5,Analyte 7,Analyte 8,Analyte 10,Analyte 12,Analyte 14,Analyte 15,Analyte 16,Analyte 18,Analyte 19,Analyte 21,Analyte 22,Analyte 23,Analyte 25,Analyte 27,Analyte 28,Analyte 29,Analyte 32,Analyte 33,Analyte 34,Analyte 36,Analyte 37,Analyte 38,Analyte 40,Analyte 41,Analyte 42,Analyte 44,Analyte 45,Analyte 46,Analyte 48,Analyte 49,Analyte 50,Analyte 52,Analyte 53,Analyte 54,Analyte 56,Analyte 58,Analyte 60,Analyte 61,Analyte 62,Analyte 64,Analyte 65,Analyte 66,Analyte 68,Analyte 69,Analyte 70,Analyte 72,Analyte 73,Analyte 74,Analyte 75,Analyte 76,Analyte 78,Analyte 79,Analyte 80,Analyte 81,Analyte 83,Analyte 84,Analyte 85,Analyte 86,Analyte 88,Analyte 89,Analyte 90,Analyte 92,Analyte 93,Analyte 94,Analyte 95,,
Unknown1,30,181.5,313.5,57,31.33333333,354.3333333,220.8333333,184.5,102.3333333,98.66666667,4,91.66666667,211,2,4.666666667,31.66666667,80.66666667,5.666666667,5.333333333,59.66666667,68.33333333,4,54.83333333,8.166666667,37.33333333,8,1.166666667,2,56.16666667,26.33333333,20,28.5,11,7,8,3.5,77.33333333,60.33333333,100.5,436.3333333,139,22.33333333,196.3333333,27.33333333,37.66666667,41.33333333,91.83333333,42.66666667,3,66,14.33333333,3,135,178.8333333,79,14,8.333333333,65,13.5,13.66666667,24,27,5,6,5,37,,
Unknown9,5.333333333,18.33333333,73.33333333,43.66666667,3,19.5,77.66666667,39,1,57.33333333,12,9.666666667,16.66666667,2,3,3.333333333,12.66666667,2,35.66666667,25.5,21,3,14,3,13,17.83333333,13.16666667,1,19.33333333,16.83333333,76.66666667,23.33333333,21.33333333,184,133.6666667,66,3.666666667,4,15.33333333,6.333333333,6.833333333,2,35.33333333,3,3,7.666666667,74,58.66666667,3,25.33333333,3,6.666666667,23.33333333,31.33333333,12.66666667,10.33333333,21.33333333,66.33333333,5,20.33333333,34,67,3.666666667,88.5,70,2.666666667,,
Unknown17,60.66666667,606.3333333,134.3333333,137.3333333,69,138.6666667,82.66666667,61.83333333,7,460.3333333,2,65.66666667,53.83333333,3,31.66666667,88,49.66666667,25,9.333333333,9.666666667,33.16666667,31.83333333,21.66666667,31.66666667,18,171,118,10.33333333,215.5,261.6666667,99.83333333,112.3333333,8.5,4,4,6.333333333,248.5,143.1666667,167.1666667,259.8333333,8.666666667,41,311.1666667,94.83333333,49,178.8333333,454,13.33333333,10.33333333,360.6666667,61.83333333,4,39,50.33333333,10.33333333,57.66666667,11,75.83333333,10.16666667,27,8.5,11.66666667,6,8.833333333,9,3,,
Unknown25,0.833333333,1,1.333333333,0.666666667,1.333333333,1.333333333,1.5,1.333333333,1,1.333333333,1.333333333,1.333333333,1,1.333333333,1.333333333,1.666666667,1.666666667,1,1.333333333,1.666666667,1.333333333,1.666666667,1.666666667,1.333333333,1.666666667,1.666666667,1.333333333,2,1.666666667,1.666666667,2.166666667,1.666666667,2,1.333333333,1,1.333333333,1.666666667,1.666666667,1.666666667,2,1.5,1.666666667,3.333333333,2,1.333333333,2.333333333,1.666666667,1.666666667,2,1.833333333,1.333333333,2.333333333,2,4,2.333333333,2.666666667,2.666666667,2.666666667,3,4.666666667,3,2.666666667,3.666666667,3,3,3.333333333,,
Unknown2,8,30,2.666666667,5,5,33.16666667,14.66666667,14,7.666666667,11,1.333333333,15.33333333,20.66666667,1,3.666666667,16.66666667,8.666666667,1.333333333,1.333333333,2.666666667,4,2,12.33333333,2.833333333,3.666666667,1.666666667,1,1,7.833333333,4,3.333333333,5,9,1,2,1.333333333,12.5,6,14,29.33333333,16,2.666666667,14.83333333,4,5,8.666666667,11.33333333,9,1.666666667,7,5,1.666666667,14,24.33333333,6,4,3,7.333333333,3.666666667,8.333333333,4.333333333,5.333333333,3.666666667,3.333333333,2.666666667,6,,
Unknown10,3.666666667,30.5,25,35.33333333,5.666666667,10.5,29,24.66666667,1,23.66666667,7,9.333333333,9.333333333,1,1.333333333,2.333333333,10,2,34.33333333,22.66666667,27.5,6.333333333,17.66666667,4,15.5,8.333333333,4.666666667,1,14.33333333,12,54.66666667,36.66666667,30.66666667,53,51.33333333,52,5,3.333333333,26.5,6.333333333,12.66666667,2,22.33333333,3,2,6,33.33333333,41.66666667,2.333333333,33.66666667,2.333333333,6.666666667,29,24.33333333,8.333333333,13,12.66666667,30,4.5,21,47.33333333,73,4,48.66666667,39.33333333,2.833333333,,
Unknown18,75.33333333,592.1666667,89,91.33333333,123,154.6666667,93.66666667,41.66666667,5.333333333,314.6666667,3,129.6666667,41.33333333,3,37,84.83333333,36.66666667,23,7.333333333,6.666666667,16.66666667,27.33333333,102.3333333,64.66666667,33.66666667,104.6666667,58.66666667,6.666666667,80.33333333,118.6666667,151.1666667,79.33333333,62.33333333,29,3.333333333,65.66666667,263.6666667,101.3333333,208.1666667,196.3333333,7.333333333,40.66666667,561.1666667,119,37.66666667,268.8333333,329.8333333,27.66666667,21.5,668.3333333,58.66666667,4.333333333,17,251.3333333,14.33333333,68.5,6.333333333,21.5,16,131.5,81,119.6666667,5.333333333,143.3333333,149.6666667,3.666666667,,
Unknown26,0.333333333,0.333333333,0.833333333,0,0.333333333,0.666666667,0.666666667,1,0.666666667,0.666666667,1,1,0,0.333333333,0.666666667,1,1,0.333333333,1,1,0.333333333,1.333333333,0.666666667,0.666666667,1,0.666666667,1,1,1,1,1.333333333,1,1.333333333,0.666666667,1,1,1,1,1,1.666666667,1,1,1.333333333,1,1,1.666666667,1.666666667,1.833333333,1,1.666666667,1.333333333,1.666666667,1,2,2,2,2,2,3,4.666666667,2,2,3.333333333,2.666666667,2,2.666666667,,
Unknown3,4.666666667,3.666666667,16.66666667,3.333333333,10,28.5,2,2.333333333,0.833333333,2.333333333,6,19.66666667,4,1.333333333,1.666666667,2.333333333,3.333333333,1.666666667,1.333333333,1.333333333,9,2,2.333333333,8.666666667,2,3,1,1.666666667,1,1.666666667,2,2,2.166666667,1.5,1.666666667,3,13.66666667,2.333333333,13.33333333,25.16666667,1.666666667,1.5,8.166666667,4.333333333,1.833333333,2,3.666666667,30,3.333333333,2.333333333,3,2,10.33333333,6.333333333,2.666666667,4.333333333,2,2.333333333,3,7.333333333,3,2.666666667,3.666666667,5,4.333333333,3.666666667,,
Unknown11,1,1.166666667,1,0.666666667,0.666666667,1,17.66666667,0.666666667,1,1,1,1,0.666666667,1,0.666666667,1,1.666666667,1,1,0.833333333,1,1,1,1,1,1,1,1,0.666666667,1,1.666666667,1,1,1.166666667,1,3.666666667,1,1,2.333333333,1.666666667,8.333333333,1.666666667,14.33333333,1.333333333,1.5,2,1.666666667,1.666666667,1.333333333,1,1.666666667,1.166666667,1.333333333,2,2,2,2.333333333,2,3,5.333333333,2,2,3.333333333,4,2.833333333,3,,
Unknown19,117.3333333,119,182.3333333,149.1666667,49.33333333,65.16666667,314.8333333,80.16666667,5,194.5,256.5,249.3333333,285.8333333,5.666666667,24.66666667,13,252.1666667,26.83333333,181.1666667,206.8333333,180.1666667,66.83333333,122.6666667,197,19,676.8333333,2.333333333,3.666666667,257.6666667,247.5,20.66666667,44.5,105.6666667,405.8333333,17,474.3333333,46.66666667,11.83333333,153,129.3333333,23.33333333,9.333333333,320.6666667,91.66666667,82,68.33333333,201.3333333,46.83333333,16,60.33333333,9.666666667,49.83333333,236.8333333,220.3333333,420.1666667,80.83333333,3.333333333,265.1666667,6,6.833333333,12.66666667,87.33333333,9.333333333,559.6666667,412.6666667,3,,
Unknown27,2,1,1.333333333,1,0.333333333,0.333333333,0.666666667,1,0,1,1,1,0.333333333,1,0.333333333,1.333333333,2,0.333333333,1,0.333333333,1,1,1,1,1,0.666666667,1,1.166666667,2,2,1.333333333,1,1.333333333,4,1,1,1,1.333333333,2.333333333,1.333333333,1,1.333333333,1.333333333,1.333333333,1.666666667,2,1.666666667,2,1.666666667,2,2,2,1.333333333,2,2,2,2,3.666666667,3,4.666666667,2,3,3,3,3,3,,
Unknown4,3,1.333333333,5.333333333,2.333333333,3.666666667,9.333333333,1.666666667,1,1,2.333333333,3,5,1.666666667,1,0.666666667,1.333333333,3.333333333,1,2.333333333,1,2.666666667,1.666666667,1.833333333,4.666666667,1.333333333,1.333333333,1,1.166666667,1,1.333333333,2.333333333,2.333333333,2,1.333333333,1,2,5,1.666666667,5,7.333333333,1.666666667,1.333333333,5.333333333,3,1.666666667,2.333333333,3.333333333,12.66666667,4.333333333,2.333333333,2,1.666666667,3.333333333,4,2.333333333,3.666666667,1.666666667,2,2.833333333,3,2.333333333,2.666666667,3.333333333,3.666666667,4,2.666666667,,
Unknown12,1,0.666666667,1,1,0.333333333,1,2,1,1,1,0.666666667,1,1,0.666666667,1,1,2,1,1,1,1,1.666666667,1,1.333333333,1.666666667,1,1,1.666666667,1,1,1.666666667,1.333333333,1.333333333,1,1.333333333,1.666666667,1,1.666666667,1.666666667,2,1.333333333,1.666666667,3,2,1.333333333,2,2,2.333333333,2,2,2,1.666666667,2,2,1.666666667,2.333333333,2,2,2.666666667,4.666666667,2,2,4,2.666666667,2.333333333,3,,
Unknown20,122,160.8333333,147.5,97.83333333,38.33333333,65.66666667,384.8333333,58.33333333,4.333333333,198.8333333,259.6666667,296.3333333,337,5.666666667,21,12.16666667,336.3333333,29.33333333,180.5,190,215,69,118.5,188.1666667,24.66666667,1267.666667,2,4,228,219.6666667,63.33333333,68,148.6666667,395.3333333,24.66666667,479.3333333,60.16666667,12.33333333,133.1666667,144.1666667,26.5,16.5,395.6666667,71.66666667,77.33333333,130,185.6666667,128.6666667,18.83333333,138.8333333,10,62.33333333,252.8333333,285.1666667,414,95.66666667,3.333333333,238.1666667,12.66666667,12.66666667,15.5,100,11,560.3333333,449.8333333,3,,
Unknown28,0.666666667,0.666666667,1.333333333,0.333333333,1,0.333333333,0.666666667,0.333333333,0.166666667,1,1,1,0.666666667,1.333333333,1.333333333,1.333333333,1.333333333,0.666666667,1.666666667,1.333333333,1.333333333,1.333333333,1.333333333,2,2,0.666666667,1,1,1.333333333,1.333333333,1.666666667,1.333333333,1,1.333333333,1,1,1.333333333,2,1.666666667,2,1.333333333,1.333333333,1.666666667,1.333333333,2,2.333333333,2.333333333,1.666666667,1.666666667,1.5,2.333333333,1.833333333,1.666666667,2,2.333333333,2,2,2.333333333,3,4.666666667,2.666666667,2.333333333,3.333333333,2.666666667,2.333333333,2.666666667,,
Unknown5,4.333333333,2.666666667,19.33333333,22,2.333333333,21.16666667,9.666666667,7,0.666666667,5.666666667,29,3,4,1,5,2,10.66666667,0.666666667,3,3,12.33333333,7.5,12.66666667,56,5.666666667,16.66666667,1.333333333,1,4.333333333,6,2.333333333,10,5,24.16666667,1.666666667,1.333333333,7.333333333,17,16.66666667,25.66666667,10,1.333333333,23.66666667,2.333333333,2.333333333,170.5,7.666666667,2.666666667,3.166666667,79.66666667,2.666666667,3.333333333,15.5,26.66666667,2.333333333,54.66666667,3,6.333333333,3.666666667,11.5,4.333333333,8.666666667,4,3.666666667,3.666666667,3.333333333,,
Unknown13,3,12,11.66666667,14.66666667,4.666666667,1,19,5.333333333,0.666666667,1.666666667,0.666666667,1,2,1,0.833333333,1,4,1,1,1,5,1.5,8.666666667,1,1,1.333333333,0.666666667,1,0.666666667,2.666666667,1.666666667,2,1.333333333,28.33333333,1,3.666666667,3.666666667,1.666666667,20.33333333,1.666666667,1,3.666666667,18.33333333,2,2,2,3,3.5,1.666666667,10.33333333,1.666666667,1.666666667,5.666666667,17,2,2,2,4,2.666666667,4,4.166666667,5.333333333,3,6.666666667,5,2.666666667,,
Unknown21,2.666666667,1.666666667,130.3333333,43.33333333,1,3.333333333,106.8333333,55,0.666666667,20,15,1.666666667,4.333333333,1.333333333,1.5,2.333333333,4,1,4,3.666666667,9.333333333,2.666666667,3.333333333,5.333333333,3,15.33333333,1,1,11,5,4.166666667,3,2,414.8333333,16.33333333,181,1,4,6,4,1.666666667,21,9,1,1.333333333,7,22.33333333,6.333333333,1.666666667,12.33333333,2.333333333,2,11.33333333,6.666666667,17.66666667,3,20.33333333,20.33333333,3,7.666666667,2,216,3.666666667,239.6666667,211.6666667,3,,
Unknown29,1,1,1,1,0.666666667,2.166666667,12.33333333,1.666666667,1,0.666666667,1,0.666666667,1,1,1,1,1.666666667,1,1.666666667,1,2,1.333333333,1,1,2,1,1,1.333333333,1,1,2,2,1,2,1.666666667,1.666666667,1,2,2,3.333333333,2,2,12.33333333,2,2,2,2,2,2,2,2,2,2.666666667,3.666666667,2,2.333333333,2.666666667,2,3,5.666666667,2,2.333333333,4,3.333333333,3,3,,
Unknown6,2.333333333,1,6,6,2.333333333,4.333333333,3.666666667,2,0,2.666666667,18.16666667,1.333333333,1,0.5,2,1,4,1,1,1,2,2.166666667,4.333333333,7,2,6,1,1,2.333333333,2.666666667,2,5,3,8.666666667,1,1,2.333333333,5.166666667,5.333333333,5,3,1.666666667,11.16666667,1,1.166666667,107,4.333333333,2,1.833333333,20,2,1.666666667,3,10.16666667,2,7.666666667,2,2.333333333,3,5.333333333,3.666666667,5,3.333333333,3.333333333,2.666666667,3,,
Unknown14,1.333333333,4,4,3,1.333333333,1.333333333,4.333333333,2.333333333,0.333333333,0.666666667,1.333333333,1,0.666666667,1,0.666666667,1.666666667,2,0.666666667,1,0.666666667,2.333333333,1.666666667,3.333333333,1.5,1.333333333,1.666666667,1.333333333,1.333333333,1.333333333,1.333333333,1.666666667,1.333333333,1,9.333333333,1.5,1.333333333,1.666666667,1.333333333,3.333333333,2,1.333333333,1.666666667,3.333333333,1.666666667,2,2.333333333,2.166666667,2.166666667,1.666666667,2.666666667,2.333333333,2,3,6.666666667,2,2.333333333,2.333333333,2.333333333,4,3,3,3,3.166666667,4,3,3,,
Unknown22,1,0.333333333,25,8,0.666666667,1,23.33333333,11.33333333,0.666666667,9.333333333,4.333333333,2.333333333,1,1,1,1,3.333333333,1,3,1.333333333,2,1,1.666666667,2,1.666666667,2,1,1,3,2.333333333,1.333333333,1.333333333,1.333333333,83.66666667,2.833333333,40.16666667,1,2,5.666666667,3.333333333,1,7.666666667,4,1.5,1.666666667,3.166666667,11.66666667,2.833333333,1.333333333,4,2,1.333333333,3,4.333333333,4,2,4,8.5,3,5.333333333,2,43.5,3,60.83333333,55.33333333,3,,
Unknown30,1,1,0.666666667,0.333333333,0.833333333,1,6,1,1,0.666666667,1,1,0.666666667,0.666666667,1,1,1.666666667,1,1,1,1,1.666666667,0.666666667,1,1.333333333,0.666666667,1,1,1,1,1.333333333,1.333333333,1,1.5,1,1.333333333,1,1.166666667,2,2,1.333333333,1.333333333,6,1.666666667,1.666666667,2,2,2.333333333,2,2,1.666666667,2,2,2.333333333,2.166666667,2,2.333333333,2.333333333,2.666666667,4.5,2,2,3.333333333,3,2.666666667,3,,
Unknown7,17.33333333,2,3,2,2.666666667,4,3.333333333,1,1.333333333,1,1.333333333,11.66666667,5.333333333,1.333333333,1.333333333,1.666666667,1.666666667,1.666666667,1.666666667,0.666666667,6.666666667,2,2.333333333,1.333333333,1.333333333,9.666666667,1.666666667,1.333333333,1.333333333,0.666666667,4,5.666666667,4.333333333,3,1.666666667,5.666666667,2,2,6.166666667,4.333333333,2.333333333,1.333333333,6.5,2.666666667,3,2,2.666666667,1.833333333,6.5,20,2,1.833333333,8,4.666666667,3.333333333,2.666666667,2.666666667,2.666666667,3.333333333,4.5,4,21.83333333,3.666666667,10,9.333333333,3.333333333,,
Unknown15,1,2,1,1.333333333,1.333333333,1,1.333333333,1,0.666666667,2.333333333,6.666666667,7.166666667,2,0.666666667,1,2,6,1,4.666666667,6,10,1.666666667,2.333333333,1,1.333333333,1.333333333,1,1,11,7,3.333333333,3,2,3,3.333333333,7.666666667,1.666666667,2,3.333333333,1.666666667,1,1,3.666666667,1.333333333,2,2,4,3.666666667,2,7.666666667,2,2.333333333,13,5,2,2.333333333,2,2.333333333,3,4,2,3,4.5,10.33333333,8.333333333,8.333333333,,
Unknown23,11.33333333,103.8333333,70,30.83333333,3.333333333,63.16666667,147.8333333,37.33333333,5.166666667,77.5,0.666666667,5,68.66666667,1,16.33333333,10.66666667,60.83333333,6.333333333,1.333333333,1.666666667,47.83333333,4.333333333,11,2.333333333,2.333333333,84.5,10.66666667,1,27,58.16666667,14.5,51.66666667,18.33333333,153.6666667,128,207,11,5.333333333,22.66666667,84.33333333,72.5,2.666666667,98.5,22.66666667,25,31.83333333,106,55.66666667,6,102,14.33333333,2,52.5,10.33333333,52.66666667,2.666666667,3,25.33333333,5.333333333,20.66666667,10.66666667,28,4,213.3333333,180.1666667,6,,
Unknown31,11.33333333,7.333333333,9.166666667,13.33333333,33.66666667,9.166666667,39.5,32.33333333,46,86,38.33333333,38.66666667,6.333333333,1.333333333,1.666666667,1.333333333,29.33333333,1.666666667,141,13.33333333,58.33333333,3.666666667,4,15,4.5,4,1.333333333,2,18.66666667,54,47.66666667,37.33333333,58.66666667,8.333333333,8,4,2.333333333,2.666666667,137.6666667,9,2.333333333,10.16666667,29,3.333333333,4.666666667,2.666666667,101.3333333,3.5,2.333333333,4.666666667,2.333333333,16.33333333,62.66666667,27.33333333,3.5,12,2.666666667,2.666666667,4.5,33,4.5,12.33333333,4.333333333,5.666666667,5,2.666666667,,
Unknown8,5.333333333,1,1,1,1.333333333,1,1.333333333,0.333333333,0.666666667,0.166666667,1,5,1,0.666666667,1,1,1.333333333,0.333333333,1,0.666666667,2,1.333333333,1,1,1,2,1,1,0.333333333,1,2,2,1.333333333,1.666666667,1,1.833333333,0.666666667,1.666666667,2.666666667,2,1,1,2.666666667,1.666666667,1.666666667,2,1.666666667,2,2.666666667,8,2,1.666666667,3,2,2,2.333333333,1.666666667,1.666666667,3.166666667,3.666666667,2.333333333,6.333333333,3.333333333,4.333333333,3.666666667,3,,
Unknown16,2,2,1.333333333,2.333333333,1.5,1.666666667,5.333333333,1.333333333,1.333333333,2,6,5,2.666666667,1.333333333,1.666666667,1.833333333,4.166666667,1.666666667,9.333333333,4.666666667,6.333333333,2.666666667,6.166666667,1.666666667,2.333333333,2.666666667,1.666666667,1.333333333,3.333333333,1.666666667,3.666666667,3.333333333,3.333333333,2.666666667,5.666666667,7.333333333,2.333333333,2.166666667,4.333333333,2.333333333,1.666666667,3.5,6,2,2.333333333,3.333333333,4,3.666666667,2.666666667,7,2.666666667,2.333333333,8.333333333,13.33333333,2.666666667,2.333333333,3.166666667,2.666666667,4,3,3,3.5,4.666666667,9.333333333,9.333333333,3.666666667,,
Unknown24,3,56,59,12.16666667,1.333333333,44,14.33333333,9.666666667,1.666666667,21,0.333333333,2.666666667,24,1,7.333333333,6.333333333,20,1.333333333,1,1,11,2,3.666666667,2,2,31.66666667,2.666666667,1,10,21.66666667,5,13,7,52.83333333,45.33333333,102.3333333,5,2.333333333,6,48,26,1.666666667,13,9,7.666666667,17.66666667,27.5,18.33333333,2.333333333,18.33333333,7.333333333,1.833333333,12.33333333,6,22.66666667,3.666666667,2.333333333,9,3.666666667,10,4.333333333,8.666666667,3.333333333,111.3333333,86,3.666666667,,
Unknown32,0.666666667,0.333333333,0.666666667,0.333333333,0.666666667,0.666666667,0.333333333,0.666666667,0.666666667,0.333333333,0.666666667,1,1,0.833333333,1,1,1,1,1,0.666666667,0.666666667,1,0.333333333,1,1,0.666666667,0.666666667,1.333333333,1,1,1.5,1,1,1,0.666666667,1,1,1,1.333333333,1,1,0.666666667,1.333333333,1.333333333,1.666666667,2,2,1.333333333,1.5,1.333333333,1.666666667,1.333333333,2,2,2,2.333333333,1.333333333,2,2.666666667,12.16666667,2,2,3,2.333333333,2,3,,
,,,,,,,,,,,,,,,,,,,,,,,,,,,,,,,,,,,,,,,,,,,,,,,,,,,,,,,,,,,,,,,,,,,,
DataType:,Units,,,,,,,,,,,,,,,,,,,,,,,,,,,,,,,,,,,,,,,,,,,,,,,,,,,,,,,,,,,,,,,,,,,
Analyte:,Analyte 5,Analyte 7,Analyte 8,Analyte 10,Analyte 12,Analyte 14,Analyte 15,Analyte 16,Analyte 18,Analyte 19,Analyte 21,Analyte 22,Analyte 23,Analyte 25,Analyte 27,Analyte 28,Analyte 29,Analyte 32,Analyte 33,Analyte 34,Analyte 36,Analyte 37,Analyte 38,Analyte 40,Analyte 41,Analyte 42,Analyte 44,Analyte 45,Analyte 46,Analyte 48,Analyte 49,Analyte 50,Analyte 52,Analyte 53,Analyte 54,Analyte 56,Analyte 58,Analyte 60,Analyte 61,Analyte 62,Analyte 64,Analyte 65,Analyte 66,Analyte 68,Analyte 69,Analyte 70,Analyte 72,Analyte 73,Analyte 74,Analyte 75,Analyte 76,Analyte 78,Analyte 79,Analyte 80,Analyte 81,Analyte 83,Analyte 84,Analyte 85,Analyte 86,Analyte 88,Analyte 89,Analyte 90,Analyte 92,Analyte 93,Analyte 94,Analyte 95,,
BeadID:,5,7,8,10,12,14,15,16,18,19,21,22,23,25,27,28,29,32,33,34,36,37,38,40,41,42,44,45,46,48,49,50,52,53,54,56,58,60,61,62,64,65,66,68,69,70,72,73,74,75,76,78,79,80,81,83,84,85,86,88,89,90,92,93,94,95,,
Units:,,,,,,,,,,,,,,,,,,,,,,,,,,,,,,,,,,,,,,,,,,,,,,,,,,,,,,,,,,,,,,,,,,,,
,,,,,,,,,,,,,,,,,,,,,,,,,,,,,,,,,,,,,,,,,,,,,,,,,,,,,,,,,,,,,,,,,,,,
DataType:,Per Bead Count,,,,,,,,,,,,,,,,,,,,,,,,,,,,,,,,,,,,,,,,,,,,,,,,,,,,,,,,,,,,,,,,,,,
Analyte:,Analyte 5,Analyte 7,Analyte 8,Analyte 10,Analyte 12,Analyte 14,Analyte 15,Analyte 16,Analyte 18,Analyte 19,Analyte 21,Analyte 22,Analyte 23,Analyte 25,Analyte 27,Analyte 28,Analyte 29,Analyte 32,Analyte 33,Analyte 34,Analyte 36,Analyte 37,Analyte 38,Analyte 40,Analyte 41,Analyte 42,Analyte 44,Analyte 45,Analyte 46,Analyte 48,Analyte 49,Analyte 50,Analyte 52,Analyte 53,Analyte 54,Analyte 56,Analyte 58,Analyte 60,Analyte 61,Analyte 62,Analyte 64,Analyte 65,Analyte 66,Analyte 68,Analyte 69,Analyte 70,Analyte 72,Analyte 73,Analyte 74,Analyte 75,Analyte 76,Analyte 78,Analyte 79,Analyte 80,Analyte 81,Analyte 83,Analyte 84,Analyte 85,Analyte 86,Analyte 88,Analyte 89,Analyte 90,Analyte 92,Analyte 93,Analyte 94,Analyte 95,,
BeadID:,5,7,8,10,12,14,15,16,18,19,21,22,23,25,27,28,29,32,33,34,36,37,38,40,41,42,44,45,46,48,49,50,52,53,54,56,58,60,61,62,64,65,66,68,69,70,72,73,74,75,76,78,79,80,81,83,84,85,86,88,89,90,92,93,94,95,,
Per Bead:,100,100,100,100,100,100,100,100,100,100,100,100,100,100,100,100,100,100,100,100,100,100,100,100,100,100,100,100,100,100,100,100,100,100,100,100,100,100,100,100,100,100,100,100,100,100,100,100,100,100,100,100,100,100,100,100,100,100,100,100,100,100,100,100,100,100,,